WP_006042122.1	WP_010314684.1
WP_006172073.1	WP_006172073.1
WP_006172424.1	WP_015109632.1
WP_007099573.1	WP_007099573.1
WP_007100636.1	WP_006173336.1
WP_010308434.1	WP_006041316.1
WP_010311626.1	WP_015109421.1
WP_010315318.1	WP_015110594.1
WP_011293689.1	WP_011293689.1
WP_015108791.1	WP_015108791.1
WP_015110794.1	WP_015110794.1
WP_035832975.1	WP_015109772.1
WP_048018109.1	WP_015109402.1
WP_185465876.1	WP_015110760.1
WP_197152796.1	WP_015110503.1
WP_197153715.1	WP_015108900.1
WP_197153722.1	WP_015108895.1
WP_197153723.1	WP_015109553.1
WP_197153724.1	WP_015109554.1
WP_197153726.1	WP_015107899.1
WP_197153729.1	WP_015107784.1
WP_197153738.1	WP_015109281.1
WP_197153763.1	WP_015108989.1
WP_197153766.1	WP_015108984.1
WP_197153767.1	WP_015110392.1
WP_197153768.1	WP_015108983.1
WP_197153769.1	WP_015108982.1
WP_197153770.1	WP_015108981.1
WP_197153771.1	WP_015108980.1
WP_197153773.1	WP_015108977.1
WP_197153774.1	WP_015108976.1
WP_197153779.1	WP_015110750.1
WP_197153788.1	WP_015108955.1
WP_197153789.1	WP_015108953.1
WP_197153794.1	WP_015108941.1
WP_197153796.1	WP_015108939.1
WP_197153797.1	WP_015108938.1
WP_197153798.1	WP_172637199.1
WP_197153801.1	WP_015108933.1
WP_197153807.1	WP_015110706.1
WP_197153809.1	WP_015110708.1
WP_197153811.1	WP_015110713.1
WP_197153815.1	WP_015110723.1
WP_197153816.1	WP_015110724.1
WP_197153817.1	WP_015110725.1
WP_197153819.1	WP_015110728.1
WP_197153824.1	WP_015110743.1
WP_197153825.1	WP_015110744.1
WP_197153826.1	WP_015110745.1
WP_197153835.1	WP_015108819.1
WP_197153837.1	WP_015108821.1
WP_197153843.1	WP_043326633.1
WP_197153846.1	WP_015108870.1
WP_197153848.1	WP_015108872.1
WP_197153853.1	WP_015109571.1
WP_197153854.1	WP_015109570.1
WP_197153858.1	WP_015108877.1
WP_197153862.1	WP_015108731.1
WP_197153863.1	WP_015108888.1
WP_197153864.1	WP_015108890.1
WP_197153865.1	WP_015108891.1
WP_197153867.1	WP_015107888.1
WP_197153869.1	WP_015107814.1
WP_197153870.1	WP_015107877.1
WP_197153871.1	WP_015109053.1
WP_197153873.1	WP_015109052.1
WP_197153874.1	WP_051017211.1
WP_197153875.1	WP_015109050.1
WP_197153876.1	WP_015109047.1
WP_197153877.1	WP_043325519.1
WP_197153878.1	WP_015109045.1
WP_197153879.1	WP_015109044.1
WP_197153880.1	WP_043326725.1
WP_197153886.1	WP_015109027.1
WP_197153889.1	WP_015110058.1
WP_197153890.1	WP_015107985.1
WP_197153892.1	WP_015107987.1
WP_197153896.1	WP_015110688.1
WP_197153897.1	WP_015107982.1
WP_197153898.1	WP_015107983.1
WP_197153900.1	WP_015107875.1
WP_197153901.1	WP_245552566.1
WP_197153902.1	WP_015109575.1
WP_197153907.1	WP_015110904.1
WP_197153913.1	WP_015110752.1
WP_197153914.1	WP_015110754.1
WP_197153915.1	WP_015110755.1
WP_197153917.1	WP_015110758.1
WP_197153920.1	WP_015110762.1
WP_197153921.1	WP_015110765.1
WP_197153922.1	WP_043327419.1
WP_197153928.1	WP_015110775.1
WP_197153929.1	WP_015110191.1
WP_197153931.1	WP_015110784.1
WP_197153932.1	WP_015110785.1
WP_197153934.1	WP_015110787.1
WP_197153935.1	WP_015110788.1
WP_197153940.1	WP_015110798.1
WP_197153942.1	WP_015110801.1
WP_197153945.1	WP_015107980.1
WP_197153948.1	WP_015107978.1
WP_197153949.1	WP_015107977.1
WP_197153953.1	WP_015107971.1
WP_197153955.1	WP_015107967.1
WP_197153958.1	WP_015107962.1
WP_197153960.1	WP_043326144.1
WP_197153962.1	WP_015107957.1
WP_197153964.1	WP_015107914.1
WP_197153965.1	WP_015107913.1
WP_197153966.1	WP_015107895.1
WP_197153967.1	WP_425386800.1
WP_197153968.1	WP_015107893.1
WP_197153970.1	WP_015107891.1
WP_197153975.1	WP_015107881.1
WP_197153976.1	WP_245552550.1
WP_197153977.1	WP_015108619.1
WP_197153978.1	WP_015108568.1
WP_197153979.1	WP_015108567.1
WP_197153997.1	WP_015110525.1
WP_197154005.1	WP_043326349.1
WP_197154009.1	WP_015110181.1
WP_197154013.1	WP_015108528.1
WP_197154015.1	WP_015108531.1
WP_197154016.1	WP_015108534.1
WP_197154017.1	WP_015108535.1
WP_197154018.1	WP_015108536.1
WP_197154019.1	WP_015108539.1
WP_197154020.1	WP_015108540.1
WP_197154021.1	WP_015108541.1
WP_197154022.1	WP_015108542.1
WP_197154023.1	WP_015108543.1
WP_197154024.1	WP_051017026.1
WP_197154025.1	WP_015108545.1
WP_197154026.1	WP_015108546.1
WP_197154027.1	WP_015108549.1
WP_197154028.1	WP_015108550.1
WP_197154031.1	WP_043325430.1
WP_197154036.1	WP_015108561.1
WP_197154047.1	WP_015109004.1
WP_197154048.1	WP_015109003.1
WP_197154137.1	WP_015109533.1
WP_197154167.1	WP_071881608.1
WP_197154177.1	WP_015108577.1
WP_197154181.1	WP_015109565.1
WP_197154183.1	WP_015108578.1
WP_197154187.1	WP_015108493.1
WP_197154216.1	WP_015109085.1
WP_197154325.1	WP_015107870.1
WP_197154327.1	WP_015107871.1
WP_197154337.1	WP_015107874.1
WP_197154347.1	WP_015108489.1
WP_197154367.1	WP_015107889.1
WP_197154372.1	WP_015110179.1
WP_197154442.1	WP_015110518.1
WP_197154444.1	WP_043325926.1
WP_197154453.1	WP_015110515.1
WP_197154455.1	WP_015110514.1
WP_197154457.1	WP_015110513.1
WP_197154465.1	WP_015110512.1
WP_197154467.1	WP_015109141.1
WP_197154485.1	WP_015110511.1
WP_197154497.1	WP_015110505.1
WP_197154518.1	WP_015108922.1
WP_197154524.1	WP_015108919.1
WP_197154530.1	WP_015108916.1
WP_197154532.1	WP_015108915.1
WP_197154534.1	WP_015108914.1
WP_197154540.1	WP_015108805.1
WP_197154551.1	WP_015108803.1
WP_197154581.1	WP_015108795.1
WP_197154583.1	WP_015108483.1
WP_197154586.1	WP_015108481.1
WP_197154588.1	WP_015108794.1
WP_197154592.1	WP_015108790.1
WP_197154600.1	WP_015108787.1
WP_197154601.1	WP_156818559.1
WP_197154887.1	WP_015108822.1
WP_197154902.1	WP_015108469.1
WP_197154910.1	WP_015108463.1
WP_197154922.1	WP_015108461.1
WP_197154924.1	WP_015108460.1
WP_197154936.1	WP_015108457.1
WP_197154938.1	WP_015108456.1
WP_197154940.1	WP_015108455.1
WP_197154942.1	WP_015108454.1
WP_197154943.1	WP_015108453.1
WP_197154960.1	WP_015108431.1
WP_197154962.1	WP_015108433.1
WP_197154965.1	WP_043326360.1
WP_197154967.1	WP_015108437.1
WP_197154968.1	WP_051017017.1
WP_197154977.1	WP_015108440.1
WP_197154981.1	WP_015108698.1
WP_197154988.1	WP_015108411.1
WP_197154993.1	WP_015108688.1
WP_197155004.1	WP_015108679.1
WP_197155027.1	WP_015109662.1
WP_197155039.1	WP_015108099.1
WP_197155070.1	WP_015108092.1
WP_197155072.1	WP_015108091.1
WP_197155078.1	WP_015108085.1
WP_197155105.1	WP_015108077.1
WP_197155111.1	WP_015108074.1
WP_197155113.1	WP_015108073.1
WP_197155116.1	WP_015108072.1
WP_197155118.1	WP_015108070.1
WP_197155148.1	WP_015108061.1
WP_197155150.1	WP_015108060.1
WP_197155152.1	WP_015108058.1
WP_197155164.1	WP_015108028.1
WP_197155166.1	WP_015108030.1
WP_197155167.1	WP_015108031.1
WP_197155171.1	WP_015108033.1
WP_197155197.1	WP_015107807.1
WP_197155217.1	WP_015107803.1
WP_197155220.1	WP_156818324.1
WP_197155225.1	WP_015107791.1
WP_197155226.1	WP_015107789.1
WP_197155236.1	WP_015107787.1
WP_197155245.1	WP_015107780.1
WP_197155247.1	WP_015109329.1
WP_197155254.1	WP_043325444.1
WP_197155262.1	WP_015108647.1
WP_197155275.1	WP_015108606.1
WP_197155279.1	WP_015109646.1
WP_197155283.1	WP_015108107.1
WP_197155314.1	WP_015108115.1
WP_197155316.1	WP_015108116.1
WP_197155328.1	WP_015108118.1
WP_197155379.1	WP_015108132.1
WP_197155394.1	WP_015108141.1
WP_197155396.1	WP_015108142.1
WP_197155423.1	WP_015108155.1
WP_197155433.1	WP_015108158.1
WP_197155436.1	WP_015108162.1
WP_197155443.1	WP_015108165.1
WP_197155453.1	WP_015108167.1
WP_197155455.1	WP_015108168.1
WP_197155459.1	WP_015108173.1
WP_197155482.1	WP_015108179.1
WP_197155484.1	WP_015108180.1
WP_197155488.1	WP_015108181.1
WP_197155490.1	WP_015108182.1
WP_197155494.1	WP_015109294.1
WP_197155503.1	WP_015109293.1
WP_197155509.1	WP_015109057.1
WP_197155513.1	WP_015107879.1
WP_197155515.1	WP_043326463.1
WP_197155543.1	WP_015109342.1
WP_197155716.1	WP_015107815.1
WP_197155776.1	WP_015108184.1
WP_197155780.1	WP_015108186.1
WP_197155781.1	WP_156818522.1
WP_197155783.1	WP_015110820.1
WP_197155791.1	WP_015108195.1
WP_197155799.1	WP_015108199.1
WP_197155801.1	WP_015108200.1
WP_197155808.1	WP_015108205.1
WP_197155811.1	WP_015108209.1
WP_197155852.1	WP_015108226.1
WP_197155862.1	WP_015108236.1
WP_197155864.1	WP_043325359.1
WP_197155869.1	WP_015108247.1
WP_197155877.1	WP_015108252.1
WP_197155882.1	WP_015108254.1
WP_197155884.1	WP_015108255.1
WP_197155886.1	WP_015108256.1
WP_197155889.1	WP_015108262.1
WP_197155891.1	WP_015108263.1
WP_197155898.1	WP_015108267.1
WP_197155899.1	WP_015108269.1
WP_197155901.1	WP_015108271.1
WP_197155902.1	WP_015108272.1
WP_197155905.1	WP_015108274.1
WP_197155907.1	WP_015108276.1
WP_197155911.1	WP_015108278.1
WP_197155913.1	WP_015108279.1
WP_197155915.1	WP_015108280.1
WP_197155920.1	WP_015108285.1
WP_197155921.1	WP_156818369.1
WP_197155922.1	WP_015110157.1
WP_197155923.1	WP_015109998.1
WP_197155931.1	WP_043325366.1
WP_197155937.1	WP_015108381.1
WP_197156015.1	WP_015108340.1
WP_197156020.1	WP_015108343.1
WP_197156026.1	WP_015108730.1
WP_197156029.1	WP_015108346.1
WP_197156034.1	WP_015108348.1
WP_197156036.1	WP_015108349.1
WP_197156047.1	WP_015108354.1
WP_197156049.1	WP_015108355.1
WP_197156073.1	WP_015108359.1
WP_197156077.1	WP_015108361.1
WP_197156080.1	WP_425386793.1
WP_197156082.1	WP_043325382.1
WP_197156084.1	WP_015108367.1
WP_197156090.1	WP_015108373.1
WP_197156091.1	WP_015108374.1
WP_197156096.1	WP_015108386.1
WP_197156099.1	WP_015108387.1
WP_197156101.1	WP_043325387.1
WP_197156104.1	WP_015108389.1
WP_197156107.1	WP_245552595.1
WP_197156111.1	WP_015108392.1
WP_197156137.1	WP_015108605.1
WP_197156258.1	WP_015110850.1
WP_197156259.1	WP_015110849.1
WP_197156267.1	WP_015110846.1
WP_197156285.1	WP_015110834.1
WP_197156293.1	WP_015110824.1
WP_197156303.1	WP_015110819.1
WP_197156309.1	WP_015110817.1
WP_197156313.1	WP_015108600.1
WP_197156320.1	WP_043325404.1
WP_197156323.1	WP_015110810.1
WP_197156327.1	WP_015110807.1
WP_197156331.1	WP_015110199.1
WP_197156337.1	WP_015108885.1
WP_197156339.1	WP_015108444.1
WP_197156341.1	WP_043325561.1
WP_197156345.1	WP_015108634.1
WP_197156359.1	WP_015108622.1
WP_197156361.1	WP_015108639.1
WP_197156367.1	WP_015108751.1
WP_197156369.1	WP_015108749.1
WP_197156376.1	WP_015108746.1
WP_197156378.1	WP_015108745.1
WP_197156380.1	WP_015108744.1
WP_197156386.1	WP_015108742.1
WP_197156390.1	WP_015108740.1
WP_197156392.1	WP_015108739.1
WP_197156394.1	WP_015108171.1
WP_197156407.1	WP_015108738.1
WP_197156426.1	WP_015110318.1
WP_197156428.1	WP_015110317.1
WP_197156430.1	WP_015110316.1
WP_197156444.1	WP_216593351.1
WP_197156446.1	WP_071881597.1
WP_197156448.1	WP_015110306.1
WP_197156454.1	WP_051017197.1
WP_197156456.1	WP_015108448.1
WP_197156460.1	WP_015110086.1
WP_197156473.1	WP_015108311.1
WP_197156478.1	WP_015108316.1
WP_197156480.1	WP_015108317.1
WP_197156482.1	WP_015108318.1
WP_197156484.1	WP_043326311.1
WP_197156486.1	WP_015108320.1
WP_197156488.1	WP_015108321.1
WP_197156491.1	WP_015108323.1
WP_197156493.1	WP_015108324.1
WP_197156497.1	WP_015108326.1
WP_197156498.1	WP_015110150.1
WP_197156508.1	WP_015109986.1
WP_197156510.1	WP_015110919.1
WP_197156512.1	WP_015110130.1
WP_197156514.1	WP_015108327.1
WP_197156520.1	WP_043326314.1
WP_197156526.1	WP_015108330.1
WP_197156556.1	WP_015109788.1
WP_197156557.1	WP_015109061.1
WP_197156567.1	WP_015110915.1
WP_197156569.1	WP_015108000.1
WP_197156570.1	WP_015108446.1
WP_197156571.1	WP_015110922.1
WP_197156574.1	WP_015110929.1
WP_197156575.1	WP_043326032.1
WP_197156577.1	WP_015110934.1
WP_197156587.1	WP_015107685.1
WP_197156588.1	WP_015107687.1
WP_197156590.1	WP_015107689.1
WP_197156592.1	WP_015107690.1
WP_197156596.1	WP_015107693.1
WP_197156598.1	WP_015107694.1
WP_197156600.1	WP_015107695.1
WP_197156602.1	WP_015107696.1
WP_197156610.1	WP_015107706.1
WP_197156612.1	WP_043325215.1
WP_197156614.1	WP_015107709.1
WP_197156631.1	WP_043325218.1
WP_197156636.1	WP_156818320.1
WP_197156641.1	WP_015107726.1
WP_197156647.1	WP_015107730.1
WP_197156651.1	WP_156818321.1
WP_197156653.1	WP_015107734.1
WP_197156655.1	WP_015107735.1
WP_197156659.1	WP_015107737.1
WP_197156661.1	WP_015107738.1
WP_197156676.1	WP_015107747.1
WP_197156681.1	WP_015107750.1
WP_197156685.1	WP_015107752.1
WP_197156687.1	WP_015107753.1
WP_197156691.1	WP_043325225.1
WP_197156705.1	WP_015107767.1
WP_197156715.1	WP_015110504.1
WP_197156719.1	WP_015107776.1
WP_197156727.1	WP_015110618.1
WP_197156729.1	WP_015110619.1
WP_197156731.1	WP_015110620.1
WP_197156735.1	WP_015110623.1
WP_197156737.1	WP_015110624.1
WP_197156745.1	WP_015110631.1
WP_197156758.1	WP_015110639.1
WP_197156766.1	WP_043327389.1
WP_197156767.1	WP_015110648.1
WP_197156769.1	WP_015110650.1
WP_197156772.1	WP_015110654.1
WP_197156776.1	WP_015110657.1
WP_197156782.1	WP_043325964.1
WP_197156784.1	WP_015110661.1
WP_197156786.1	WP_015110663.1
WP_197156788.1	WP_015110664.1
WP_197156790.1	WP_015110666.1
WP_197156791.1	WP_015110667.1
WP_197156792.1	WP_015110668.1
WP_197156793.1	WP_015110669.1
WP_197156794.1	WP_015110670.1
WP_197156796.1	WP_015110672.1
WP_197156811.1	WP_015110679.1
WP_197156817.1	WP_015110682.1
WP_197156819.1	WP_015110683.1
WP_197156822.1	WP_245552542.1
WP_197156829.1	WP_015110599.1
WP_197156831.1	WP_015110598.1
WP_197156839.1	WP_015110593.1
WP_197156845.1	WP_015110589.1
WP_197156846.1	WP_015110588.1
WP_197156848.1	WP_015110587.1
WP_197156852.1	WP_015110582.1
WP_197156856.1	WP_015110579.1
WP_197156857.1	WP_015109824.1
WP_197156864.1	WP_015110577.1
WP_197156866.1	WP_015110567.1
WP_197156880.1	WP_015110556.1
WP_197156882.1	WP_015110555.1
WP_197156890.1	WP_015110549.1
WP_197156897.1	WP_015110545.1
WP_197156899.1	WP_015110544.1
WP_197156902.1	WP_015110541.1
WP_197156905.1	WP_015110538.1
WP_197156909.1	WP_015110536.1
WP_197156945.1	WP_015108241.1
WP_197156949.1	WP_172637147.1
WP_197156957.1	WP_015109068.1
WP_197156959.1	WP_015109069.1
WP_197156964.1	WP_015109073.1
WP_197156970.1	WP_015109078.1
WP_197156971.1	WP_015109080.1
WP_197156991.1	WP_015109255.1
WP_197156992.1	WP_015109256.1
WP_197156995.1	WP_015109261.1
WP_197156998.1	WP_015109263.1
WP_197157006.1	WP_015109269.1
WP_197157030.1	WP_015109400.1
WP_197157032.1	WP_015109401.1
WP_197157035.1	WP_015109403.1
WP_197157037.1	WP_015109404.1
WP_197157039.1	WP_015109405.1
WP_197157041.1	WP_015109406.1
WP_197157043.1	WP_015109407.1
WP_197157045.1	WP_015109408.1
WP_197157047.1	WP_015109409.1
WP_197157049.1	WP_015109411.1
WP_197157050.1	WP_015109413.1
WP_197157052.1	WP_015109414.1
WP_197157056.1	WP_015109416.1
WP_197157058.1	WP_015109417.1
WP_197157061.1	WP_015109419.1
WP_197157063.1	WP_015109420.1
WP_197157065.1	WP_043325632.1
WP_197157067.1	WP_015109423.1
WP_197157071.1	WP_015109425.1
WP_197157073.1	WP_015109426.1
WP_197157075.1	WP_015109427.1
WP_197157077.1	WP_015109429.1
WP_197157084.1	WP_254945554.1
WP_197157086.1	WP_015109435.1
WP_197157088.1	WP_015109439.1
WP_197157114.1	WP_015109447.1
WP_197157116.1	WP_015109448.1
WP_197157118.1	WP_015109449.1
WP_197157120.1	WP_015109450.1
WP_197157122.1	WP_015109451.1
WP_197157124.1	WP_015109452.1
WP_197157126.1	WP_015109453.1
WP_197157130.1	WP_015109456.1
WP_197157172.1	WP_015108993.1
WP_197157183.1	WP_015109464.1
WP_197157189.1	WP_015109468.1
WP_197157194.1	WP_015109471.1
WP_197157265.1	WP_015109473.1
WP_197157276.1	WP_015109478.1
WP_197157278.1	WP_425386778.1
WP_197157280.1	WP_015109480.1
WP_197157282.1	WP_015109481.1
WP_197157302.1	WP_015109581.1
WP_197157304.1	WP_015109582.1
WP_197157306.1	WP_015109583.1
WP_197157314.1	WP_043325680.1
WP_197157318.1	WP_015109624.1
WP_197157320.1	WP_015109626.1
WP_197157322.1	WP_015109628.1
WP_197157324.1	WP_015109629.1
WP_197157326.1	WP_015109630.1
WP_197157334.1	WP_015109635.1
WP_197157342.1	WP_015109638.1
WP_197157344.1	WP_015109640.1
WP_197157346.1	WP_015109641.1
WP_197157348.1	WP_015109642.1
WP_197157360.1	WP_015109652.1
WP_197157365.1	WP_015109660.1
WP_197157369.1	WP_015108449.1
WP_197157375.1	WP_015108413.1
WP_197157380.1	WP_015108415.1
WP_197157408.1	WP_015107858.1
WP_197157410.1	WP_015110188.1
WP_197157448.1	WP_015109054.1
WP_197157450.1	WP_015109055.1
WP_197157481.1	WP_015109860.1
WP_197157483.1	WP_015109859.1
WP_197157487.1	WP_015109856.1
WP_197157488.1	WP_015109854.1
WP_197157490.1	WP_015109853.1
WP_197157492.1	WP_015109852.1
WP_197157494.1	WP_015109851.1
WP_197157498.1	WP_015109849.1
WP_197157503.1	WP_015109845.1
WP_197157508.1	WP_051017228.1
WP_197157510.1	WP_015109840.1
WP_197157514.1	WP_015109836.1
WP_197157519.1	WP_015109831.1
WP_197157521.1	WP_015109830.1
WP_197157525.1	WP_015109826.1
WP_197157536.1	WP_015108830.1
WP_197157555.1	WP_015108930.1
WP_197157563.1	WP_015110215.1
WP_197157569.1	WP_015109803.1
WP_197157577.1	WP_015109822.1
WP_197157579.1	WP_015109799.1
WP_197157580.1	WP_015109798.1
WP_197157584.1	WP_015109794.1
WP_197157590.1	WP_015109792.1
WP_197157609.1	WP_015109784.1
WP_197157611.1	WP_015109779.1
WP_197157613.1	WP_043327022.1
WP_197157616.1	WP_015109776.1
WP_197157618.1	WP_015109773.1
WP_197157630.1	WP_245552506.1
WP_197157634.1	WP_015109764.1
WP_197157642.1	WP_015109758.1
WP_197157650.1	WP_015110234.1
WP_197157652.1	WP_015110235.1
WP_197157656.1	WP_015110237.1
WP_197157659.1	WP_015110240.1
WP_197157673.1	WP_015110248.1
WP_197157679.1	WP_015107861.1
WP_197157738.1	WP_015108003.1
WP_197157740.1	WP_015109984.1
WP_197157746.1	WP_043325789.1
WP_197157750.1	WP_015109972.1
WP_197157772.1	WP_015109959.1
WP_197157793.1	WP_015109956.1
WP_197157799.1	WP_015109952.1
WP_197157801.1	WP_015109951.1
WP_197157802.1	WP_015109950.1
WP_197157806.1	WP_015109948.1
WP_197157818.1	WP_015110365.1
WP_197157828.1	WP_015109945.1
WP_197157838.1	WP_015109934.1
WP_197157850.1	WP_043325750.1
WP_197157857.1	WP_015109892.1
WP_197157859.1	WP_015109891.1
WP_197157861.1	WP_015109889.1
WP_197157865.1	WP_015109888.1
WP_197157867.1	WP_015109886.1
WP_197157871.1	WP_015109884.1
WP_197157873.1	WP_015109883.1
WP_197157875.1	WP_015109882.1
WP_197157877.1	WP_015109880.1
WP_197157879.1	WP_015109879.1
WP_197157881.1	WP_015109877.1
WP_197157883.1	WP_015109876.1
WP_197157889.1	WP_015109871.1
WP_197157941.1	WP_015110933.1
WP_197157944.1	WP_015108056.1
WP_197157949.1	WP_015109665.1
WP_197157951.1	WP_015109666.1
WP_197157956.1	WP_015110187.1
WP_197157979.1	WP_015109681.1
WP_197157981.1	WP_015109683.1
WP_197157990.1	WP_015109684.1
WP_197157992.1	WP_015109685.1
WP_197157996.1	WP_015109689.1
WP_197158000.1	WP_015109696.1
WP_197158002.1	WP_015109697.1
WP_197158004.1	WP_015109698.1
WP_197158008.1	WP_015109700.1
WP_197158010.1	WP_015109701.1
WP_197158012.1	WP_015109702.1
WP_197158014.1	WP_015109703.1
WP_197158026.1	WP_015109710.1
WP_197158034.1	WP_015109714.1
WP_197158050.1	WP_015109716.1
WP_197158052.1	WP_015109717.1
WP_197158054.1	WP_015109718.1
WP_197158056.1	WP_015109719.1
WP_197158060.1	WP_043325272.1
WP_197158072.1	WP_043325708.1
WP_197158074.1	WP_015109731.1
WP_197158075.1	WP_015108508.1
WP_197158077.1	WP_015107850.1
WP_197158079.1	WP_015107851.1
WP_197158085.1	WP_156818547.1
WP_197158089.1	WP_015109734.1
WP_197158093.1	WP_015109736.1
WP_197158099.1	WP_015109738.1
WP_197158100.1	WP_015109739.1
WP_197158118.1	WP_015110230.1
WP_197158123.1	WP_015110227.1
WP_197158129.1	WP_015110223.1
WP_197158131.1	WP_015110222.1
WP_197158144.1	WP_425386779.1
WP_197158154.1	WP_015107857.1
WP_197158183.1	WP_015110198.1
WP_197158187.1	WP_015110195.1
WP_197158191.1	WP_015110194.1
WP_197158197.1	WP_015110192.1
WP_197158199.1	WP_015110110.1
WP_197158217.1	WP_043325830.1
WP_197158221.1	WP_015110098.1
WP_197158227.1	WP_015110083.1
WP_197158229.1	WP_015110082.1
WP_197158233.1	WP_015110080.1
WP_197158245.1	WP_015108575.1
WP_197158260.1	WP_015110063.1
WP_197158262.1	WP_015110062.1
WP_197158264.1	WP_015110060.1
WP_197158266.1	WP_015110049.1
WP_197158268.1	WP_015110120.1
WP_197158274.1	WP_015109967.1
WP_197158292.1	WP_425386790.1
WP_197158300.1	WP_015108338.1
WP_197158302.1	WP_015108569.1
WP_197158323.1	WP_015108308.1
WP_197158327.1	WP_015108498.1
WP_197158329.1	WP_015108066.1
WP_197158331.1	WP_015109123.1
WP_197158332.1	WP_015110250.1
WP_197158334.1	WP_015110253.1
WP_197158338.1	WP_015110001.1
WP_197158350.1	WP_015110056.1
WP_197158360.1	WP_015110146.1
WP_197158361.1	WP_015110911.1
WP_197158363.1	WP_015110339.1
WP_197158366.1	WP_015110336.1
WP_197158367.1	WP_015110333.1
WP_197158369.1	WP_015110331.1
WP_197158370.1	WP_015110326.1
WP_197158373.1	WP_015109589.1
WP_197158375.1	WP_015110305.1
WP_197158377.1	WP_015110304.1
WP_197158379.1	WP_015110303.1
WP_197158381.1	WP_015110302.1
WP_197158387.1	WP_015110300.1
WP_197158389.1	WP_015110299.1
WP_197158398.1	WP_015110768.1
WP_197158425.1	WP_015110285.1
WP_197158427.1	WP_015110284.1
WP_197158433.1	WP_015110281.1
WP_197158435.1	WP_015110280.1
WP_197158437.1	WP_015110278.1
WP_197158441.1	WP_015110276.1
WP_197158461.1	WP_015110270.1
WP_197158471.1	WP_015110265.1
WP_197158487.1	WP_015108511.1
WP_197158502.1	WP_015109536.1
WP_197158523.1	WP_015110921.1
WP_197158531.1	WP_015110383.1
WP_197158533.1	WP_015110380.1
WP_197158534.1	WP_015110378.1
WP_197158535.1	WP_015110375.1
WP_197158536.1	WP_015110374.1
WP_197158538.1	WP_015110372.1
WP_197158544.1	WP_015110116.1
WP_197158546.1	WP_015110362.1
WP_197158554.1	WP_015107929.1
WP_197158562.1	WP_015110391.1
WP_197158564.1	WP_015110396.1
WP_197158566.1	WP_015110398.1
WP_197158568.1	WP_015110400.1
WP_197158571.1	WP_015110403.1
WP_197158575.1	WP_172637182.1
WP_197158576.1	WP_015110408.1
WP_197158577.1	WP_015110409.1
WP_197158578.1	WP_015110410.1
WP_197158582.1	WP_015110414.1
WP_197158586.1	WP_015110433.1
WP_197158588.1	WP_015110435.1
WP_197158592.1	WP_015110441.1
WP_197158593.1	WP_015110442.1
WP_197158594.1	WP_015110444.1
WP_197158595.1	WP_015110446.1
WP_197158599.1	WP_015110450.1
WP_197158604.1	WP_015110456.1
WP_197158605.1	WP_015110458.1
WP_197158607.1	WP_015110461.1
WP_197158612.1	WP_015110465.1
WP_197158615.1	WP_015110468.1
WP_197158616.1	WP_015110469.1
WP_197158619.1	WP_015110474.1
WP_197158621.1	WP_043325912.1
WP_197158624.1	WP_043325916.1
WP_197158625.1	WP_015110482.1
WP_197158626.1	WP_015110483.1
WP_197158628.1	WP_015110486.1
WP_197158631.1	WP_015110489.1
WP_197158632.1	WP_015110494.1
WP_197158634.1	WP_015109201.1
WP_197158637.1	WP_015109197.1
WP_197158638.1	WP_015109196.1
WP_197158641.1	WP_043326803.1
WP_197158642.1	WP_015109192.1
WP_197158643.1	WP_015109190.1
WP_197158644.1	WP_015109189.1
WP_197158647.1	WP_015109186.1
WP_197158648.1	WP_015109184.1
WP_197158650.1	WP_015109182.1
WP_197158652.1	WP_245552650.1
WP_197158659.1	WP_015109175.1
WP_197158661.1	WP_015109174.1
WP_197158665.1	WP_015109170.1
WP_197158676.1	WP_015109153.1
WP_197158682.1	WP_015109144.1
WP_197158688.1	WP_043326844.1
WP_197158689.1	WP_015108525.1
WP_197158720.1	WP_015109114.1
WP_197158721.1	WP_015109113.1
WP_197158722.1	WP_015109112.1
WP_197158725.1	WP_015109108.1
WP_197158726.1	WP_015109107.1
WP_197158728.1	WP_015109105.1
WP_197158729.1	WP_015109104.1
WP_197158731.1	WP_015109102.1
WP_197158733.1	WP_015109100.1
WP_197158735.1	WP_015109098.1
WP_197158737.1	WP_043325534.1
WP_197158738.1	WP_015109094.1
WP_197158794.1	WP_015109240.1
WP_197158795.1	WP_015109239.1
WP_197158796.1	WP_015109238.1
WP_197158797.1	WP_015109237.1
WP_197158804.1	WP_015109232.1
WP_197158807.1	WP_015109227.1
WP_197158808.1	WP_015109226.1
WP_197158809.1	WP_015109225.1
WP_197158811.1	WP_015109223.1
WP_197158813.1	WP_015109221.1
WP_197158822.1	WP_015108024.1
WP_197158824.1	WP_015109213.1
WP_197158825.1	WP_015109212.1
WP_197158829.1	WP_015109205.1
WP_197158830.1	WP_015109204.1
WP_197158835.1	WP_015110498.1
WP_197158845.1	WP_015110501.1
WP_197158846.1	WP_015108473.1
WP_197158858.1	WP_015107686.1
WP_197158861.1	WP_015107697.1
WP_197158870.1	WP_051016972.1
WP_197158875.1	WP_015107771.1
WP_197158880.1	WP_015110625.1
WP_197158883.1	WP_015110646.1
WP_197158888.1	WP_015110583.1
WP_197158895.1	WP_043325528.1
WP_197158896.1	WP_015109083.1
WP_197158906.1	WP_043325625.1
WP_197158907.1	WP_015109410.1
WP_197158908.1	WP_015109412.1
WP_197158909.1	WP_015109428.1
WP_197158910.1	WP_015109455.1
WP_197158934.1	WP_015109639.1
WP_197158937.1	WP_015109648.1
WP_197158947.1	WP_015109864.1
WP_197158954.1	WP_015109823.1
WP_197158961.1	WP_015109774.1
WP_197158963.1	WP_015109757.1
WP_197158982.1	WP_043325769.1
WP_197158983.1	WP_015109935.1
WP_197158986.1	WP_015109890.1
WP_197158989.1	WP_015109878.1
WP_197158991.1	WP_015109870.1
WP_197158995.1	WP_015109663.1
WP_197158996.1	WP_015109664.1
WP_197159000.1	WP_245552659.1
WP_197159013.1	WP_015110109.1
WP_197159016.1	WP_015110084.1
WP_197159017.1	WP_015110073.1
WP_197159020.1	WP_051017133.1
WP_197159023.1	WP_015110059.1
WP_197159025.1	WP_015110251.1
WP_197159037.1	WP_015109537.1
WP_197159045.1	WP_156818482.1
WP_197159046.1	WP_015110360.1
WP_197159053.1	WP_015110440.1
WP_197159063.1	WP_015110485.1
WP_197159071.1	WP_015109150.1
WP_197159073.1	WP_015109134.1
WP_197159075.1	WP_015109115.1
WP_197159076.1	WP_015109095.1
WP_197159099.1	WP_043326684.1
WP_197159112.1	WP_015110719.1
WP_197159113.1	WP_043327406.1
WP_197159123.1	WP_043326641.1
WP_197159128.1	WP_015109965.1
WP_197159134.1	WP_043325983.1
WP_197159136.1	WP_015110763.1
WP_197159145.1	WP_015110799.1
WP_197159146.1	WP_015107969.1
WP_197159149.1	WP_015107959.1
WP_197159152.1	WP_043326120.1
WP_197159161.1	WP_015108530.1
WP_197159163.1	WP_015108537.1
WP_197159183.1	WP_043326850.1
WP_197159195.1	WP_015110517.1
WP_197159211.1	WP_015108782.1
WP_197159244.1	WP_051017177.1
WP_197159256.1	WP_015108101.1
WP_197159260.1	WP_015108138.1
WP_197159265.1	WP_043326235.1
WP_197159267.1	WP_015108176.1
WP_197159286.1	WP_015108208.1
WP_197159299.1	WP_043325362.1
WP_197159300.1	WP_015108283.1
WP_197159304.1	WP_015108296.1
WP_197159309.1	WP_015108341.1
WP_197159320.1	WP_216593377.1
WP_197159322.1	WP_083891423.1
WP_197159326.1	WP_015108307.1
WP_197159339.1	WP_015108747.1
WP_197159348.1	WP_015108314.1
WP_197159350.1	WP_015110149.1
WP_197159352.1	WP_015109985.1
WP_197159382.1	WP_015109866.1
WP_197159385.1	WP_015110065.1
WP_197159387.1	WP_015109188.1
WP_197169576.1	WP_015109109.1
WP_197169577.1	WP_015109106.1
WP_197169578.1	WP_015109103.1
WP_197169580.1	WP_015109097.1
WP_197169592.1	WP_015109615.1
WP_197169593.1	WP_015109616.1
WP_197169603.1	WP_015108988.1
WP_197169606.1	WP_015108975.1
WP_197169607.1	WP_015108973.1
WP_197169608.1	WP_043325506.1
WP_197169609.1	WP_015108969.1
WP_197169611.1	WP_015108967.1
WP_197169612.1	WP_043325501.1
WP_197169614.1	WP_015108962.1
WP_197169615.1	WP_015108961.1
WP_197169616.1	WP_043326671.1
WP_197169617.1	WP_015108950.1
WP_197169618.1	WP_015108949.1
WP_197169619.1	WP_015110205.1
WP_197169620.1	WP_015108940.1
WP_197169621.1	WP_015108936.1
WP_197169622.1	WP_015108935.1
WP_197169623.1	WP_015108932.1
WP_197169625.1	WP_015110329.1
WP_197169626.1	WP_015108929.1
WP_197169627.1	WP_015110704.1
WP_197169628.1	WP_156818651.1
WP_197169630.1	WP_015110717.1
WP_197169631.1	WP_015110721.1
WP_197169633.1	WP_015110730.1
WP_197169634.1	WP_015110732.1
WP_197169635.1	WP_015110733.1
WP_197169636.1	WP_015110742.1
WP_197169637.1	WP_015110747.1
WP_197169638.1	WP_015110748.1
WP_197169639.1	WP_015110749.1
WP_197169640.1	WP_015108808.1
WP_197169641.1	WP_015108814.1
WP_197169642.1	WP_015108816.1
WP_197169643.1	WP_015108817.1
WP_197169644.1	WP_015108818.1
WP_197169645.1	WP_043325472.1
WP_197169646.1	WP_015108858.1
WP_197169647.1	WP_015108859.1
WP_197169649.1	WP_245552619.1
WP_197169650.1	WP_051017206.1
WP_197169651.1	WP_015108868.1
WP_197169653.1	WP_015108871.1
WP_197169654.1	WP_015108873.1
WP_197169655.1	WP_015108874.1
WP_197169656.1	WP_015108875.1
WP_197169657.1	WP_015109574.1
WP_197169658.1	WP_015109569.1
WP_197169659.1	WP_015109568.1
WP_197169661.1	WP_015108879.1
WP_197169663.1	WP_015108886.1
WP_197169668.1	WP_015109037.1
WP_197169669.1	WP_216593371.1
WP_197169671.1	WP_015109028.1
WP_197169673.1	WP_015110057.1
WP_197169674.1	WP_015110689.1
WP_197169677.1	WP_083891328.1
WP_197169678.1	WP_083891387.1
WP_197169680.1	WP_015109943.1
WP_197169681.1	WP_015109929.1
WP_197169682.1	WP_015110905.1
WP_197169684.1	WP_015110907.1
WP_197169685.1	WP_015110908.1
WP_197169687.1	WP_015110910.1
WP_197169688.1	WP_015110759.1
WP_197169689.1	WP_015110761.1
WP_197169690.1	WP_043325650.1
WP_197169693.1	WP_015110780.1
WP_197169694.1	WP_015110789.1
WP_197169697.1	WP_015110800.1
WP_197169698.1	WP_015110802.1
WP_197169699.1	WP_015110803.1
WP_197169700.1	WP_015107979.1
WP_197169701.1	WP_015107976.1
WP_197169703.1	WP_015107972.1
WP_197169704.1	WP_015107968.1
WP_197169705.1	WP_015107965.1
WP_197169706.1	WP_015107963.1
WP_197169707.1	WP_015107961.1
WP_197169710.1	WP_015107920.1
WP_197169711.1	WP_015107884.1
WP_197169712.1	WP_015107882.1
WP_197169714.1	WP_172637138.1
WP_197169716.1	WP_015109946.1
WP_197169717.1	WP_015110902.1
WP_197169718.1	WP_015110901.1
WP_197169719.1	WP_015110900.1
WP_197169724.1	WP_015110898.1
WP_197169725.1	WP_015110897.1
WP_197169726.1	WP_156818384.1
WP_197169727.1	WP_015108471.1
WP_197169729.1	WP_015110524.1
WP_197169730.1	WP_015110523.1
WP_197169731.1	WP_245552598.1
WP_197169732.1	WP_015107896.1
WP_197169740.1	WP_015108527.1
WP_197169741.1	WP_015108529.1
WP_197169742.1	WP_015109332.1
WP_197169744.1	WP_015108551.1
WP_197169745.1	WP_015108554.1
WP_197169746.1	WP_015108555.1
WP_197169747.1	WP_015108556.1
WP_197169748.1	WP_015110726.1
WP_197169749.1	WP_245552601.1
WP_197169750.1	WP_015108563.1
WP_197169751.1	WP_015108566.1
WP_197169752.1	WP_051017069.1
WP_197169753.1	WP_015109015.1
WP_197169754.1	WP_015109012.1
WP_197169757.1	WP_015109001.1
WP_197169758.1	WP_015109000.1
WP_197169759.1	WP_015108990.1
WP_197169784.1	WP_172637186.1
WP_197169786.1	WP_015110866.1
WP_197169788.1	WP_245552554.1
WP_197169793.1	WP_245552510.1
WP_197169794.1	WP_015109903.1
WP_197169797.1	WP_015107812.1
WP_197169798.1	WP_015109121.1
WP_197169810.1	WP_015110888.1
WP_197169811.1	WP_245552557.1
WP_197169812.1	WP_015110886.1
WP_197169814.1	WP_015110884.1
WP_197169817.1	WP_216593355.1
WP_197169818.1	WP_015110881.1
WP_197169819.1	WP_015110877.1
WP_197169820.1	WP_015110876.1
WP_197169821.1	WP_015110874.1
WP_197169824.1	WP_015107809.1
WP_197169825.1	WP_015107811.1
WP_197169826.1	WP_015109025.1
WP_197169827.1	WP_015109024.1
WP_197169838.1	WP_015107862.1
WP_197169842.1	WP_015109304.1
WP_197169843.1	WP_015109303.1
WP_197169847.1	WP_015109059.1
WP_197169848.1	WP_043325521.1
WP_197169850.1	WP_015107989.1
WP_197169854.1	WP_015108708.1
WP_197169858.1	WP_015108434.1
WP_197169859.1	WP_015107878.1
WP_197169861.1	WP_156818440.1
WP_197169862.1	WP_015109603.1
WP_197169863.1	WP_043326964.1
WP_197169864.1	WP_015109038.1
WP_197169865.1	WP_015108887.1
WP_197169873.1	WP_015110122.1
WP_197169875.1	WP_015107867.1
WP_197169876.1	WP_015110121.1
WP_197169877.1	WP_043325276.1
WP_197169879.1	WP_015107872.1
WP_197169880.1	WP_015107873.1
WP_197169881.1	WP_425386794.1
WP_197169882.1	WP_015110529.1
WP_197169883.1	WP_015107775.1
WP_197169884.1	WP_015108400.1
WP_197169885.1	WP_015108496.1
WP_197169887.1	WP_015109563.1
WP_197169889.1	WP_015109559.1
WP_197169892.1	WP_015110175.1
WP_197169895.1	WP_015107704.1
WP_197169896.1	WP_015107705.1
WP_197169910.1	WP_015110510.1
WP_197169914.1	WP_015110506.1
WP_197169915.1	WP_015108925.1
WP_197169916.1	WP_015108924.1
WP_197169917.1	WP_015108923.1
WP_197169919.1	WP_015108920.1
WP_197169921.1	WP_015107991.1
WP_197169922.1	WP_015108913.1
WP_197169923.1	WP_043326587.1
WP_197169924.1	WP_015108806.1
WP_197169926.1	WP_015108802.1
WP_197169927.1	WP_015108801.1
WP_197169928.1	WP_015108800.1
WP_197169929.1	WP_015108799.1
WP_197169930.1	WP_015108798.1
WP_197169932.1	WP_156818394.1
WP_197169933.1	WP_083891344.1
WP_197169935.1	WP_015108789.1
WP_197169937.1	WP_245552618.1
WP_197169940.1	WP_043325464.1
WP_197169951.1	WP_015108854.1
WP_197169952.1	WP_015108855.1
WP_197169953.1	WP_071881554.1
WP_197169961.1	WP_015108824.1
WP_197169964.1	WP_015109026.1
WP_197169972.1	WP_015108837.1
WP_197169974.1	WP_015108844.1
WP_197169983.1	WP_015108841.1
WP_197169997.1	WP_156818495.1
WP_197170001.1	WP_172637135.1
WP_197170007.1	WP_216593347.1
WP_197170008.1	WP_015110021.1
WP_197170009.1	WP_015109556.1
WP_197170013.1	WP_015107909.1
WP_197170014.1	WP_015109552.1
WP_197170016.1	WP_083891430.1
WP_197170019.1	WP_015108823.1
WP_197170020.1	WP_015108470.1
WP_197170022.1	WP_015108465.1
WP_197170027.1	WP_015108462.1
WP_197170028.1	WP_015108459.1
WP_197170029.1	WP_015108458.1
WP_197170034.1	WP_015108435.1
WP_197170035.1	WP_015108439.1
WP_197170037.1	WP_015108576.1
WP_197170038.1	WP_015108697.1
WP_197170040.1	WP_015108689.1
WP_197170041.1	WP_015109289.1
WP_197170042.1	WP_015108686.1
WP_197170043.1	WP_015110092.1
WP_197170045.1	WP_015108680.1
WP_197170047.1	WP_015110912.1
WP_197170048.1	WP_015108677.1
WP_197170052.1	WP_015108661.1
WP_197170053.1	WP_015108660.1
WP_197170054.1	WP_015107866.1
WP_197170055.1	WP_015108098.1
WP_197170056.1	WP_015108097.1
WP_197170057.1	WP_015108093.1
WP_197170058.1	WP_015108090.1
WP_197170059.1	WP_015108086.1
WP_197170060.1	WP_015108083.1
WP_197170061.1	WP_015108081.1
WP_197170062.1	WP_172637144.1
WP_197170063.1	WP_015108079.1
WP_197170064.1	WP_015108078.1
WP_197170067.1	WP_015110003.1
WP_197170068.1	WP_015108069.1
WP_197170073.1	WP_015108693.1
WP_197170078.1	WP_015107800.1
WP_197170102.1	WP_015109376.1
WP_197170120.1	WP_015109524.1
WP_197170121.1	WP_015108068.1
WP_197170122.1	WP_015108065.1
WP_197170123.1	WP_015108009.1
WP_197170124.1	WP_015108010.1
WP_197170125.1	WP_015108623.1
WP_197170126.1	WP_425386799.1
WP_197170127.1	WP_043325320.1
WP_197170128.1	WP_015108063.1
WP_197170130.1	WP_071881542.1
WP_197170131.1	WP_015108051.1
WP_197170132.1	WP_051017031.1
WP_197170133.1	WP_015108004.1
WP_197170134.1	WP_015108005.1
WP_197170135.1	WP_015108006.1
WP_197170136.1	WP_015108029.1
WP_197170138.1	WP_015108034.1
WP_197170140.1	WP_245552576.1
WP_197170141.1	WP_015108036.1
WP_197170142.1	WP_015108037.1
WP_197170143.1	WP_015108038.1
WP_197170144.1	WP_083891419.1
WP_197170146.1	WP_015108041.1
WP_197170147.1	WP_015108042.1
WP_197170148.1	WP_015108043.1
WP_197170149.1	WP_015108044.1
WP_197170151.1	WP_043325242.1
WP_197170153.1	WP_051016982.1
WP_197170155.1	WP_015107793.1
WP_197170158.1	WP_015107786.1
WP_197170159.1	WP_342662072.1
WP_197170160.1	WP_015110335.1
WP_197170161.1	WP_015108645.1
WP_197170162.1	WP_015108648.1
WP_197170163.1	WP_071881625.1
WP_197170164.1	WP_015108655.1
WP_197170165.1	WP_015108106.1
WP_197170166.1	WP_015108108.1
WP_197170167.1	WP_015108109.1
WP_197170168.1	WP_015108110.1
WP_197170169.1	WP_015108112.1
WP_197170170.1	WP_015108113.1
WP_197170171.1	WP_015108114.1
WP_197170172.1	WP_015108117.1
WP_197170173.1	WP_015110129.1
WP_197170174.1	WP_015108119.1
WP_197170175.1	WP_015108120.1
WP_197170177.1	WP_015108123.1
WP_197170178.1	WP_015108124.1
WP_197170179.1	WP_043325334.1
WP_197170180.1	WP_043325336.1
WP_197170181.1	WP_015108129.1
WP_197170182.1	WP_015108130.1
WP_197170183.1	WP_015108131.1
WP_197170184.1	WP_015108134.1
WP_197170186.1	WP_015108136.1
WP_197170188.1	WP_015108139.1
WP_197170189.1	WP_015108140.1
WP_197170190.1	WP_015108143.1
WP_197170191.1	WP_015108145.1
WP_197170192.1	WP_015108146.1
WP_197170193.1	WP_015108148.1
WP_197170194.1	WP_015108153.1
WP_197170195.1	WP_156818361.1
WP_197170196.1	WP_043326237.1
WP_197170197.1	WP_015108163.1
WP_197170198.1	WP_015108164.1
WP_197170199.1	WP_015108166.1
WP_197170200.1	WP_015108169.1
WP_197170201.1	WP_015108175.1
WP_197170202.1	WP_015109534.1
WP_197170203.1	WP_015108177.1
WP_197170207.1	WP_015109942.1
WP_197170212.1	WP_015107856.1
WP_197170213.1	WP_015110148.1
WP_197170214.1	WP_015109379.1
WP_197170215.1	WP_425386798.1
WP_197170223.1	WP_015109307.1
WP_197170226.1	WP_015108502.1
WP_197170236.1	WP_015108189.1
WP_197170237.1	WP_015108190.1
WP_197170239.1	WP_015108191.1
WP_197170240.1	WP_015108196.1
WP_197170241.1	WP_015108197.1
WP_197170242.1	WP_015108198.1
WP_197170243.1	WP_015108202.1
WP_197170245.1	WP_015108206.1
WP_197170246.1	WP_015108210.1
WP_197170247.1	WP_015108211.1
WP_197170248.1	WP_015108213.1
WP_197170249.1	WP_015108214.1
WP_197170250.1	WP_015108215.1
WP_197170254.1	WP_015107855.1
WP_197170256.1	WP_015108217.1
WP_197170257.1	WP_015108218.1
WP_197170258.1	WP_015108219.1
WP_197170259.1	WP_015108220.1
WP_197170260.1	WP_015108221.1
WP_197170261.1	WP_043326261.1
WP_197170262.1	WP_015108223.1
WP_197170263.1	WP_015108224.1
WP_197170264.1	WP_043326263.1
WP_197170265.1	WP_015108230.1
WP_197170266.1	WP_015108233.1
WP_197170267.1	WP_015108234.1
WP_197170269.1	WP_015108245.1
WP_197170270.1	WP_015108246.1
WP_197170271.1	WP_015108249.1
WP_197170272.1	WP_015108250.1
WP_197170273.1	WP_015108251.1
WP_197170274.1	WP_015108253.1
WP_197170275.1	WP_015108257.1
WP_197170276.1	WP_015108264.1
WP_197170277.1	WP_015108265.1
WP_197170278.1	WP_015108266.1
WP_197170279.1	WP_015108270.1
WP_197170280.1	WP_015108281.1
WP_197170295.1	WP_015107936.1
WP_197170297.1	WP_015108287.1
WP_197170298.1	WP_015108288.1
WP_197170299.1	WP_015108289.1
WP_197170300.1	WP_015108290.1
WP_197170301.1	WP_015110833.1
WP_197170303.1	WP_015108299.1
WP_197170314.1	WP_015108336.1
WP_197170317.1	WP_015108337.1
WP_197170318.1	WP_015108339.1
WP_197170319.1	WP_015108342.1
WP_197170323.1	WP_015108352.1
WP_197170324.1	WP_015108353.1
WP_197170326.1	WP_015108356.1
WP_197170327.1	WP_015108357.1
WP_197170328.1	WP_015108358.1
WP_197170329.1	WP_156818372.1
WP_197170331.1	WP_015108368.1
WP_197170332.1	WP_015108370.1
WP_197170333.1	WP_015108375.1
WP_197170334.1	WP_015108391.1
WP_197170335.1	WP_015108379.1
WP_197170339.1	WP_015108401.1
WP_197170340.1	WP_015108406.1
WP_197170341.1	WP_015108407.1
WP_197170342.1	WP_015108408.1
WP_197170344.1	WP_015108301.1
WP_197170347.1	WP_015108067.1
WP_197170349.1	WP_051017173.1
WP_197170377.1	WP_051017084.1
WP_197170388.1	WP_015110578.1
WP_197170390.1	WP_015107773.1
WP_197170391.1	WP_015107774.1
WP_197170394.1	WP_015110531.1
WP_197170396.1	WP_015110139.1
WP_197170418.1	WP_015110852.1
WP_197170419.1	WP_245552552.1
WP_197170420.1	WP_015110848.1
WP_197170421.1	WP_015108956.1
WP_197170424.1	WP_015110843.1
WP_197170425.1	WP_015110842.1
WP_197170426.1	WP_015110841.1
WP_197170427.1	WP_015110839.1
WP_197170428.1	WP_015110838.1
WP_197170429.1	WP_015110837.1
WP_197170430.1	WP_015110836.1
WP_197170432.1	WP_015108727.1
WP_197170433.1	WP_043327446.1
WP_197170434.1	WP_015110825.1
WP_197170435.1	WP_015110823.1
WP_197170436.1	WP_015110822.1
WP_197170437.1	WP_015110821.1
WP_197170441.1	WP_015108601.1
WP_197170443.1	WP_015108598.1
WP_197170444.1	WP_051017250.1
WP_197170447.1	WP_015108474.1
WP_197170448.1	WP_015110811.1
WP_197170449.1	WP_015110808.1
WP_197170450.1	WP_043327431.1
WP_197170452.1	WP_015108633.1
WP_197170453.1	WP_015108631.1
WP_197170454.1	WP_015108630.1
WP_197170455.1	WP_015108629.1
WP_197170456.1	WP_015108640.1
WP_197170457.1	WP_015109398.1
WP_197170458.1	WP_015108748.1
WP_197170460.1	WP_015108743.1
WP_197170462.1	WP_051017110.1
WP_197170470.1	WP_015108734.1
WP_197170472.1	WP_015110315.1
WP_197170473.1	WP_015110314.1
WP_197170474.1	WP_015110313.1
WP_197170475.1	WP_051017237.1
WP_197170476.1	WP_015110311.1
WP_197170477.1	WP_015110322.1
WP_197170478.1	WP_015110310.1
WP_197170479.1	WP_015110319.1
WP_197170482.1	WP_015108310.1
WP_197170485.1	WP_015108322.1
WP_197170486.1	WP_083891336.1
WP_197170494.1	WP_015110687.1
WP_197170501.1	WP_015110914.1
WP_197170502.1	WP_015110916.1
WP_197170503.1	WP_015110927.1
WP_197170504.1	WP_043327500.1
WP_197170505.1	WP_015107681.1
WP_197170506.1	WP_015107682.1
WP_197170507.1	WP_015107683.1
WP_197170508.1	WP_015107684.1
WP_197170509.1	WP_015107692.1
WP_197170511.1	WP_051016971.1
WP_197170514.1	WP_015107710.1
WP_197170515.1	WP_043326051.1
WP_197170516.1	WP_015107712.1
WP_197170517.1	WP_015107714.1
WP_197170518.1	WP_015107715.1
WP_197170519.1	WP_015107716.1
WP_197170520.1	WP_015107719.1
WP_197170521.1	WP_015107721.1
WP_197170522.1	WP_015107722.1
WP_197170523.1	WP_015107723.1
WP_197170525.1	WP_015107725.1
WP_197170528.1	WP_015107729.1
WP_197170529.1	WP_015107732.1
WP_197170530.1	WP_015107736.1
WP_197170531.1	WP_015107739.1
WP_197170532.1	WP_425386787.1
WP_197170533.1	WP_043325223.1
WP_197170534.1	WP_015107743.1
WP_197170536.1	WP_015107746.1
WP_197170537.1	WP_015107748.1
WP_197170538.1	WP_015107751.1
WP_197170540.1	WP_015107758.1
WP_197170541.1	WP_015107759.1
WP_197170542.1	WP_015107760.1
WP_197170543.1	WP_015107762.1
WP_197170544.1	WP_015107765.1
WP_197170545.1	WP_015107766.1
WP_197170546.1	WP_015107768.1
WP_197170548.1	WP_015107772.1
WP_197170550.1	WP_015109162.1
WP_197170552.1	WP_245552627.1
WP_197170553.1	WP_015109549.1
WP_197170557.1	WP_015108105.1
WP_197170558.1	WP_015109940.1
WP_197170559.1	WP_015108699.1
WP_197170560.1	WP_015108104.1
WP_197170562.1	WP_015110870.1
WP_197170563.1	WP_043325213.1
WP_197170564.1	WP_015110615.1
WP_197170565.1	WP_015110622.1
WP_197170566.1	WP_015110626.1
WP_197170567.1	WP_015110629.1
WP_197170568.1	WP_015110630.1
WP_197170569.1	WP_015110632.1
WP_197170570.1	WP_015110633.1
WP_197170571.1	WP_015110637.1
WP_197170572.1	WP_015110638.1
WP_197170573.1	WP_015110640.1
WP_197170574.1	WP_015110641.1
WP_197170575.1	WP_015110642.1
WP_197170578.1	WP_015110649.1
WP_197170579.1	WP_015110651.1
WP_197170580.1	WP_015110653.1
WP_197170581.1	WP_015110656.1
WP_197170582.1	WP_015110658.1
WP_197170583.1	WP_015110659.1
WP_197170584.1	WP_015110673.1
WP_197170585.1	WP_015110674.1
WP_197170586.1	WP_015110675.1
WP_197170587.1	WP_043325967.1
WP_197170589.1	WP_015110677.1
WP_197170590.1	WP_015110680.1
WP_197170591.1	WP_015110681.1
WP_197170592.1	WP_015110684.1
WP_197170593.1	WP_015110610.1
WP_197170594.1	WP_015110609.1
WP_197170596.1	WP_015110597.1
WP_197170597.1	WP_015110596.1
WP_197170598.1	WP_015110595.1
WP_197170599.1	WP_015110591.1
WP_197170600.1	WP_043327361.1
WP_197170602.1	WP_015110585.1
WP_197170603.1	WP_015110584.1
WP_197170604.1	WP_051017243.1
WP_197170606.1	WP_015108753.1
WP_197170608.1	WP_015109825.1
WP_197170610.1	WP_015110566.1
WP_197170611.1	WP_015110565.1
WP_197170612.1	WP_015110564.1
WP_197170614.1	WP_015110559.1
WP_197170615.1	WP_015110554.1
WP_197170617.1	WP_015110550.1
WP_197170618.1	WP_015110548.1
WP_197170619.1	WP_015110547.1
WP_197170620.1	WP_015110546.1
WP_197170621.1	WP_015110543.1
WP_197170622.1	WP_015110540.1
WP_197170623.1	WP_015110539.1
WP_197170624.1	WP_015110537.1
WP_197170625.1	WP_015110534.1
WP_197170626.1	WP_015110533.1
WP_197170640.1	WP_015108240.1
WP_197170643.1	WP_015109071.1
WP_197170644.1	WP_015109072.1
WP_197170645.1	WP_015109074.1
WP_197170646.1	WP_015109075.1
WP_197170647.1	WP_043325524.1
WP_197170648.1	WP_015109081.1
WP_197170649.1	WP_015109084.1
WP_197170650.1	WP_015107854.1
WP_197170670.1	WP_015109291.1
WP_197170695.1	WP_156818331.1
WP_197170699.1	WP_216593358.1
WP_197170728.1	WP_043325494.1
WP_197170738.1	WP_015109566.1
WP_197170742.1	WP_015108021.1
WP_197170746.1	WP_015110500.1
WP_197170754.1	WP_015108261.1
WP_197170761.1	WP_015108259.1
WP_197170763.1	WP_245552536.1
WP_197170765.1	WP_015110497.1
WP_197170769.1	WP_015110495.1
WP_197170779.1	WP_015110478.1
WP_197170781.1	WP_015110477.1
WP_197170785.1	WP_015110473.1
WP_197170787.1	WP_015110472.1
WP_197170789.1	WP_015110467.1
WP_197170790.1	WP_015110466.1
WP_197170792.1	WP_043325907.1
WP_197170794.1	WP_015110463.1
WP_197170796.1	WP_015110462.1
WP_197170806.1	WP_015110449.1
WP_197170808.1	WP_015110448.1
WP_197170810.1	WP_015110447.1
WP_197170812.1	WP_015110439.1
WP_197170814.1	WP_015110437.1
WP_197170815.1	WP_015110436.1
WP_197170817.1	WP_245552532.1
WP_197170821.1	WP_015110417.1
WP_197170823.1	WP_015110416.1
WP_197170825.1	WP_015110412.1
WP_197170826.1	WP_015110411.1
WP_197170828.1	WP_015110405.1
WP_197170830.1	WP_015110404.1
WP_197170832.1	WP_015110402.1
WP_197170834.1	WP_015110401.1
WP_197170836.1	WP_015110397.1
WP_197170838.1	WP_015110611.1
WP_197170839.1	WP_015110346.1
WP_197170845.1	WP_015110357.1
WP_197170847.1	WP_015110358.1
WP_197170848.1	WP_015110359.1
WP_197170850.1	WP_015110361.1
WP_197170858.1	WP_015110367.1
WP_197170860.1	WP_015108723.1
WP_197170862.1	WP_015110369.1
WP_197170863.1	WP_015110370.1
WP_197170867.1	WP_015110382.1
WP_197170872.1	WP_015110386.1
WP_197170874.1	WP_015110387.1
WP_197170876.1	WP_015110389.1
WP_197170878.1	WP_015110390.1
WP_197170882.1	WP_015109284.1
WP_197170897.1	WP_245552639.1
WP_197170903.1	WP_015109538.1
WP_197170905.1	WP_015109539.1
WP_197170907.1	WP_015109540.1
WP_197170912.1	WP_245552579.1
WP_197170914.1	WP_015110260.1
WP_197170915.1	WP_015110254.1
WP_197170917.1	WP_043325863.1
WP_197170919.1	WP_015109973.1
WP_197170921.1	WP_015110257.1
WP_197170923.1	WP_015110258.1
WP_197170925.1	WP_015110269.1
WP_197170930.1	WP_015110271.1
WP_197170936.1	WP_216593350.1
WP_197170938.1	WP_015110273.1
WP_197170940.1	WP_015110274.1
WP_197170942.1	WP_015110275.1
WP_197170948.1	WP_015110283.1
WP_197170951.1	WP_015110287.1
WP_197170953.1	WP_043325868.1
WP_197170955.1	WP_015110289.1
WP_197170957.1	WP_043325874.1
WP_197170961.1	WP_245552523.1
WP_197170967.1	WP_051017142.1
WP_197170970.1	WP_015110296.1
WP_197170972.1	WP_015110297.1
WP_197170974.1	WP_015108149.1
WP_197170978.1	WP_043325341.1
WP_197170987.1	WP_015110617.1
WP_197170991.1	WP_051017032.1
WP_197170993.1	WP_015108586.1
WP_197171004.1	WP_015109127.1
WP_197171006.1	WP_015108309.1
WP_197171022.1	WP_015110894.1
WP_197171024.1	WP_015110066.1
WP_197171025.1	WP_245552504.1
WP_197171049.1	WP_015110067.1
WP_197171051.1	WP_015110069.1
WP_197171053.1	WP_015110070.1
WP_197171055.1	WP_015110079.1
WP_197171057.1	WP_015110081.1
WP_197171059.1	WP_015110089.1
WP_197171061.1	WP_015110090.1
WP_197171063.1	WP_015110097.1
WP_197171065.1	WP_015110099.1
WP_197171067.1	WP_015110103.1
WP_197171069.1	WP_015110104.1
WP_197171071.1	WP_015110105.1
WP_197171072.1	WP_015110106.1
WP_197171079.1	WP_015110108.1
WP_197171085.1	WP_083891397.1
WP_197171087.1	WP_015110196.1
WP_197171119.1	WP_015110182.1
WP_197171121.1	WP_015110183.1
WP_197171123.1	WP_015110213.1
WP_197171126.1	WP_015109438.1
WP_197171132.1	WP_015110226.1
WP_197171134.1	WP_015110228.1
WP_197171136.1	WP_015110229.1
WP_197171138.1	WP_015108228.1
WP_197171149.1	WP_015109740.1
WP_197171151.1	WP_015109737.1
WP_197171156.1	WP_043327010.1
WP_197171158.1	WP_015109733.1
WP_197171165.1	WP_015109729.1
WP_197171171.1	WP_015109723.1
WP_197171173.1	WP_015109721.1
WP_197171175.1	WP_015109720.1
WP_197171188.1	WP_015109931.1
WP_197171196.1	WP_015110128.1
WP_197171198.1	WP_015109708.1
WP_197171202.1	WP_245552661.1
WP_197171204.1	WP_015109699.1
WP_197171206.1	WP_015109695.1
WP_197171208.1	WP_015109688.1
WP_197171213.1	WP_015109679.1
WP_197171226.1	WP_015109677.1
WP_197171228.1	WP_015109674.1
WP_197171236.1	WP_015109668.1
WP_197171238.1	WP_015109667.1
WP_197171251.1	WP_015110050.1
WP_197171255.1	WP_015108504.1
WP_197171257.1	WP_015108505.1
WP_197171261.1	WP_015108644.1
WP_197171274.1	WP_015109868.1
WP_197171276.1	WP_015109875.1
WP_197171278.1	WP_015109893.1
WP_197171280.1	WP_015109896.1
WP_197171282.1	WP_015109897.1
WP_197171284.1	WP_015109899.1
WP_197171287.1	WP_015109901.1
WP_197171291.1	WP_015109933.1
WP_197171300.1	WP_245552527.1
WP_197171304.1	WP_015108594.1
WP_197171308.1	WP_245552511.1
WP_197171310.1	WP_015109949.1
WP_197171313.1	WP_015109954.1
WP_197171315.1	WP_015109955.1
WP_197171317.1	WP_015109957.1
WP_197171319.1	WP_015109958.1
WP_197171321.1	WP_015109960.1
WP_197171323.1	WP_015109962.1
WP_197171327.1	WP_015109964.1
WP_197171333.1	WP_156818457.1
WP_197171335.1	WP_015109971.1
WP_197171336.1	WP_015109975.1
WP_197171341.1	WP_245552605.1
WP_197171343.1	WP_015108615.1
WP_197171345.1	WP_015108613.1
WP_197171347.1	WP_015109292.1
WP_197171350.1	WP_015110011.1
WP_197171351.1	WP_015110153.1
WP_197171354.1	WP_015110154.1
WP_197171355.1	WP_015110159.1
WP_197171362.1	WP_015109590.1
WP_197171384.1	WP_043326863.1
WP_197171398.1	WP_015110160.1
WP_197171400.1	WP_015110156.1
WP_197171404.1	WP_156818610.1
WP_197171406.1	WP_015110111.1
WP_197171408.1	WP_015109993.1
WP_197171412.1	WP_043325795.1
WP_197171414.1	WP_015109995.1
WP_197171416.1	WP_015110006.1
WP_197171418.1	WP_015110244.1
WP_197171427.1	WP_245552675.1
WP_197171429.1	WP_015110236.1
WP_197171439.1	WP_015109760.1
WP_197171441.1	WP_015109763.1
WP_197171443.1	WP_015109765.1
WP_197171445.1	WP_015109767.1
WP_197171446.1	WP_015109768.1
WP_197171448.1	WP_015109769.1
WP_197171449.1	WP_015109770.1
WP_197171451.1	WP_015109771.1
WP_197171452.1	WP_015109777.1
WP_197171454.1	WP_015109785.1
WP_197171457.1	WP_043325437.1
WP_197171468.1	WP_015107974.1
WP_197171470.1	WP_015109793.1
WP_197171472.1	WP_245552507.1
WP_197171474.1	WP_015109821.1
WP_197171476.1	WP_015109802.1
WP_197171479.1	WP_245552519.1
WP_197171481.1	WP_015110216.1
WP_197171489.1	WP_015108778.1
WP_197171504.1	WP_015109827.1
WP_197171508.1	WP_015109835.1
WP_197171510.1	WP_015109837.1
WP_197171512.1	WP_015109839.1
WP_197171514.1	WP_015109842.1
WP_197171516.1	WP_015109843.1
WP_197171518.1	WP_015109846.1
WP_197171519.1	WP_015109847.1
WP_197171521.1	WP_015109857.1
WP_197171523.1	WP_015109862.1
WP_197171525.1	WP_051017119.1
WP_197171556.1	WP_216593339.1
WP_197171614.1	WP_015109659.1
WP_197171616.1	WP_015109658.1
WP_197171618.1	WP_015109657.1
WP_197171620.1	WP_015109653.1
WP_197171622.1	WP_015109651.1
WP_197171624.1	WP_015109650.1
WP_197171626.1	WP_015109649.1
WP_197171627.1	WP_015109647.1
WP_197171629.1	WP_015109643.1
WP_197171638.1	WP_043325682.1
WP_197171640.1	WP_015109634.1
WP_197171642.1	WP_245552500.1
WP_197171646.1	WP_015109621.1
WP_197171648.1	WP_015109620.1
WP_197171651.1	WP_015109584.1
WP_197171657.1	WP_015109578.1
WP_197171659.1	WP_015109532.1
WP_197171661.1	WP_015109531.1
WP_197171663.1	WP_015109529.1
WP_197171664.1	WP_015109528.1
WP_197171666.1	WP_015109484.1
WP_197171668.1	WP_015109476.1
WP_197171669.1	WP_043326907.1
WP_197171673.1	WP_015109470.1
WP_197171675.1	WP_015109469.1
WP_197171677.1	WP_015109467.1
WP_197171681.1	WP_015108992.1
WP_197171683.1	WP_015108996.1
WP_197171688.1	WP_015109462.1
WP_197171690.1	WP_015109460.1
WP_197171692.1	WP_015109458.1
WP_197171694.1	WP_015109454.1
WP_197171696.1	WP_015109446.1
WP_197171698.1	WP_015109445.1
WP_197171700.1	WP_015109443.1
WP_197171704.1	WP_083891369.1
WP_197171705.1	WP_156818425.1
WP_197171707.1	WP_015109440.1
WP_197171709.1	WP_015109433.1
WP_197171710.1	WP_015109432.1
WP_197171712.1	WP_015109431.1
WP_197171714.1	WP_015109430.1
WP_197171715.1	WP_015109424.1
WP_197171717.1	WP_015109418.1
WP_197171719.1	WP_015109415.1
WP_197171721.1	WP_015109393.1
WP_197171723.1	WP_015109392.1
WP_197171725.1	WP_015109391.1
WP_197171727.1	WP_015109390.1
WP_197171729.1	WP_015109277.1
WP_197171731.1	WP_015109276.1
WP_197171732.1	WP_015109275.1
WP_197171736.1	WP_015109273.1
WP_197171738.1	WP_015109272.1
WP_197171740.1	WP_015109271.1
WP_197171742.1	WP_015109270.1
WP_197171744.1	WP_015109266.1
WP_197171745.1	WP_015109265.1
WP_197171746.1	WP_015109264.1
WP_197171748.1	WP_015109262.1
WP_197171749.1	WP_015109260.1
WP_197171751.1	WP_015109259.1
WP_197171753.1	WP_015109257.1
WP_197171755.1	WP_015109254.1
WP_197171758.1	WP_015109250.1
WP_197171760.1	WP_015109248.1
WP_197171762.1	WP_015109247.1
WP_197171764.1	WP_043325570.1
WP_197171766.1	WP_015109243.1
WP_197171768.1	WP_015109242.1
WP_197171769.1	WP_015109241.1
WP_197171773.1	WP_043325568.1
WP_197171775.1	WP_015108484.1
WP_197171777.1	WP_015109235.1
WP_197171779.1	WP_015109234.1
WP_197171783.1	WP_051017078.1
WP_197171784.1	WP_015109229.1
WP_197171786.1	WP_015109228.1
WP_197171788.1	WP_015109224.1
WP_197171790.1	WP_043325564.1
WP_197171792.1	WP_015109220.1
WP_197171794.1	WP_015109219.1
WP_197171801.1	WP_043325559.1
WP_197171802.1	WP_015109209.1
WP_197171804.1	WP_015109208.1
WP_197171806.1	WP_015109199.1
WP_197171808.1	WP_015109194.1
WP_197171810.1	WP_015109183.1
WP_197171812.1	WP_015109181.1
WP_197171813.1	WP_015107992.1
WP_197171817.1	WP_051017215.1
WP_197171821.1	WP_015109177.1
WP_197171823.1	WP_051017076.1
WP_197171824.1	WP_015109173.1
WP_197171826.1	WP_015109172.1
WP_197171828.1	WP_015109171.1
WP_197171829.1	WP_015109169.1
WP_197171831.1	WP_015109168.1
WP_197171835.1	WP_015109160.1
WP_197171837.1	WP_015109159.1
WP_197171839.1	WP_015109157.1
WP_197171844.1	WP_083891434.1
WP_197171846.1	WP_015109151.1
WP_197171848.1	WP_015109147.1
WP_197171850.1	WP_015109146.1
WP_197171852.1	WP_015109145.1
WP_197171856.1	WP_015109142.1
WP_197171858.1	WP_015110892.1
WP_197171860.1	WP_015109129.1
WP_197171862.1	WP_015109325.1
WP_197171864.1	WP_015109120.1
WP_197171872.1	WP_156818346.1
WP_197171879.1	WP_015107717.1
WP_197171884.1	WP_015107763.1
WP_197171888.1	WP_245552628.1
WP_197171895.1	WP_015110662.1
WP_197171899.1	WP_015110562.1
WP_197171901.1	WP_083891448.1
WP_197171902.1	WP_015110532.1
WP_197171904.1	WP_015107848.1
WP_197171926.1	WP_015110491.1
WP_197171934.1	WP_015110475.1
WP_197171944.1	WP_051017239.1
WP_197171951.1	WP_015110393.1
WP_197171953.1	WP_015110368.1
WP_197171957.1	WP_015110379.1
WP_197171962.1	WP_015110388.1
WP_197171971.1	WP_015110264.1
WP_197171981.1	WP_015108500.1
WP_197172004.1	WP_015109726.1
WP_197172006.1	WP_015109722.1
WP_197172009.1	WP_015109704.1
WP_197172011.1	WP_015109705.1
WP_197172016.1	WP_015109682.1
WP_197172036.1	WP_015110007.1
WP_197172056.1	WP_015109761.1
WP_197172058.1	WP_015109775.1
WP_197172079.1	WP_015109858.1
WP_197172106.1	WP_015109644.1
WP_197172115.1	WP_051017223.1
WP_197172137.1	WP_015109475.1
WP_197172140.1	WP_015109472.1
WP_197172150.1	WP_015109461.1
WP_197172151.1	WP_015109459.1
WP_197172153.1	WP_051017220.1
WP_197172158.1	WP_043326884.1
WP_197172165.1	WP_015109245.1
WP_197172168.1	WP_425386792.1
WP_197172174.1	WP_015109218.1
WP_197172180.1	WP_015109207.1
WP_197172183.1	WP_051017216.1
WP_197172204.1	WP_015108966.1
WP_197172206.1	WP_015108954.1
WP_197172212.1	WP_015110715.1
WP_197172217.1	WP_043327403.1
WP_197172220.1	WP_015110720.1
WP_197172228.1	WP_015108812.1
WP_197172233.1	WP_015110766.1
WP_197172246.1	WP_015110899.1
WP_197172249.1	WP_043326020.1
WP_197172252.1	WP_083891447.1
WP_197172263.1	WP_051017190.1
WP_197172269.1	WP_043325513.1
WP_197172271.1	WP_015109008.1
WP_197172286.1	WP_342662067.1
WP_197172298.1	WP_015108904.1
WP_197172301.1	WP_015110177.1
WP_197172314.1	WP_015108490.1
WP_197172322.1	WP_015109564.1
WP_197172341.1	WP_015110522.1
WP_197172344.1	WP_015108917.1
WP_197172356.1	WP_015108754.1
WP_197172360.1	WP_015108464.1
WP_197172369.1	WP_015109278.1
WP_197172374.1	WP_245552582.1
WP_197172375.1	WP_015108094.1
WP_197172392.1	WP_015108062.1
WP_197172403.1	WP_015108027.1
WP_197172418.1	WP_015108102.1
WP_197172421.1	WP_015108126.1
WP_197172427.1	WP_015108147.1
WP_197172458.1	WP_015108212.1
WP_197172467.1	WP_015108216.1
WP_197172511.1	WP_015108293.1
WP_197172517.1	WP_015108345.1
WP_197172529.1	WP_015108405.1
WP_197172547.1	WP_015109586.1
WP_197172564.1	WP_015110714.1
WP_197172579.1	WP_015107757.1
WP_197172583.1	WP_156818452.1
WP_197172590.1	WP_015108524.1
WP_231596984.1	WP_015110872.1
WP_231596985.1	WP_015110873.1
WP_231596986.1	WP_015110875.1
WP_231596987.1	WP_015110878.1
WP_231596990.1	WP_245552556.1
WP_231596997.1	WP_015110865.1
WP_231597293.1	WP_015110864.1
WP_231597679.1	WP_015109099.1
WP_231597689.1	WP_015108899.1
WP_231597692.1	WP_015108894.1
WP_231597700.1	WP_015110138.1
WP_231597706.1	WP_015108986.1
WP_231597708.1	WP_015108978.1
WP_231597710.1	WP_015108971.1
WP_231597712.1	WP_015108970.1
WP_231597714.1	WP_015108968.1
WP_231597723.1	WP_015108964.1
WP_231597724.1	WP_043325854.1
WP_231597726.1	WP_015108931.1
WP_231597728.1	WP_015110707.1
WP_231597730.1	WP_015110709.1
WP_231597737.1	WP_015110710.1
WP_231597738.1	WP_015110711.1
WP_231597740.1	WP_015110727.1
WP_231597741.1	WP_015108860.1
WP_231597743.1	WP_015108866.1
WP_231597745.1	WP_015109573.1
WP_231597746.1	WP_015109572.1
WP_231597748.1	WP_015110920.1
WP_231597750.1	WP_015109780.1
WP_231597753.1	WP_015110804.1
WP_231597754.1	WP_245552546.1
WP_231597755.1	WP_051017153.1
WP_231597757.1	WP_015110772.1
WP_231597758.1	WP_245552548.1
WP_231597759.1	WP_015110774.1
WP_231597760.1	WP_051017156.1
WP_231597761.1	WP_015110792.1
WP_231597762.1	WP_043327427.1
WP_231597763.1	WP_245552549.1
WP_231597764.1	WP_015109987.1
WP_231597765.1	WP_015107964.1
WP_231597766.1	WP_172637142.1
WP_231597767.1	WP_015107915.1
WP_231597768.1	WP_015107892.1
WP_231597771.1	WP_245552537.1
WP_231597772.1	WP_015108509.1
WP_231597773.1	WP_015108507.1
WP_231597775.1	WP_156818433.1
WP_231597777.1	WP_015108420.1
WP_231597778.1	WP_015109354.1
WP_231597780.1	WP_015108532.1
WP_231597782.1	WP_015108557.1
WP_231597783.1	WP_015109007.1
WP_231597784.1	WP_015109006.1
WP_231597785.1	WP_015109002.1
WP_231597786.1	WP_015108999.1
WP_231597790.1	WP_015110853.1
WP_231597794.1	WP_015110124.1
WP_231597797.1	WP_051016987.1
WP_231597802.1	WP_015110178.1
WP_231597808.1	WP_015107887.1
WP_231597812.1	WP_015110604.1
WP_231597815.1	WP_015108468.1
WP_231597816.1	WP_015108478.1
WP_231597817.1	WP_015110180.1
WP_231597818.1	WP_015108399.1
WP_231597824.1	WP_015110521.1
WP_231597825.1	WP_015110520.1
WP_231597827.1	WP_015110507.1
WP_231597828.1	WP_043325489.1
WP_231597829.1	WP_015108921.1
WP_231597830.1	WP_015110252.1
WP_231597831.1	WP_015108785.1
WP_231597835.1	WP_015108839.1
WP_231597840.1	WP_015107782.1
WP_231597843.1	WP_015109036.1
WP_231597849.1	WP_015108432.1
WP_231597852.1	WP_245552614.1
WP_231597853.1	WP_015108676.1
WP_231597854.1	WP_015108675.1
WP_231597856.1	WP_245552528.1
WP_231597859.1	WP_015108084.1
WP_231597860.1	WP_015108082.1
WP_231597861.1	WP_245552602.1
WP_231597862.1	WP_015108075.1
WP_231597863.1	WP_156818413.1
WP_231597864.1	WP_015108690.1
WP_231597868.1	WP_245552561.1
WP_231597874.1	WP_015108052.1
WP_231597875.1	WP_015108007.1
WP_231597876.1	WP_015108025.1
WP_231597877.1	WP_015108026.1
WP_231597880.1	WP_015108054.1
WP_231597881.1	WP_015107802.1
WP_231597884.1	WP_015110917.1
WP_231597886.1	WP_015108121.1
WP_231597887.1	WP_015108137.1
WP_231597888.1	WP_015108144.1
WP_231597889.1	WP_015108154.1
WP_231597891.1	WP_015108156.1
WP_231597894.1	WP_156818364.1
WP_231597896.1	WP_245552599.1
WP_231597897.1	WP_015108573.1
WP_231597898.1	WP_216593337.1
WP_231597899.1	WP_015109380.1
WP_231597901.1	WP_015109341.1
WP_231597902.1	WP_015108492.1
WP_231597907.1	WP_245552584.1
WP_231597908.1	WP_245552586.1
WP_231597909.1	WP_015108194.1
WP_231597912.1	WP_015108207.1
WP_231597913.1	WP_015109315.1
WP_231597915.1	WP_015108232.1
WP_231597916.1	WP_015108235.1
WP_231597917.1	WP_015108237.1
WP_231597920.1	WP_015108268.1
WP_231597921.1	WP_015108277.1
WP_231597923.1	WP_015107821.1
WP_231597927.1	WP_015108351.1
WP_231597928.1	WP_015108020.1
WP_231597929.1	WP_015108363.1
WP_231597930.1	WP_015108366.1
WP_231597931.1	WP_015108369.1
WP_231597932.1	WP_015108371.1
WP_231597933.1	WP_015108372.1
WP_231597936.1	WP_015108396.1
WP_231597937.1	WP_015108597.1
WP_231597938.1	WP_015108404.1
WP_231597944.1	WP_015108477.1
WP_231597950.1	WP_015108685.1
WP_231597951.1	WP_015110840.1
WP_231597952.1	WP_015110835.1
WP_231597953.1	WP_015108725.1
WP_231597954.1	WP_015110816.1
WP_231597955.1	WP_015109320.1
WP_231597957.1	WP_015108632.1
WP_231597958.1	WP_015108741.1
WP_231597960.1	WP_015108735.1
WP_231597961.1	WP_015108733.1
WP_231597962.1	WP_015110308.1
WP_231597964.1	WP_015110324.1
WP_231597965.1	WP_015108491.1
WP_231597966.1	WP_071881544.1
WP_231597967.1	WP_015108315.1
WP_231597968.1	WP_015110323.1
WP_231597970.1	WP_015108329.1
WP_231597972.1	WP_216593369.1
WP_231597973.1	WP_015108911.1
WP_231597979.1	WP_015108659.1
WP_231597980.1	WP_015107688.1
WP_231597982.1	WP_015107691.1
WP_231597984.1	WP_015107699.1
WP_231597985.1	WP_015107707.1
WP_231597986.1	WP_015107713.1
WP_231597987.1	WP_015107718.1
WP_231597988.1	WP_015107727.1
WP_231597989.1	WP_015107731.1
WP_231597990.1	WP_015107740.1
WP_231597991.1	WP_015107745.1
WP_231597992.1	WP_051016973.1
WP_231597993.1	WP_015107761.1
WP_231597994.1	WP_015107764.1
WP_231597995.1	WP_245552597.1
WP_231597996.1	WP_015109163.1
WP_231597998.1	WP_015110621.1
WP_231597999.1	WP_015110627.1
WP_231598000.1	WP_015110634.1
WP_231598001.1	WP_015110635.1
WP_231598002.1	WP_015110636.1
WP_231598003.1	WP_245552541.1
WP_231598004.1	WP_015110671.1
WP_231598005.1	WP_043327374.1
WP_231598006.1	WP_245552539.1
WP_231598007.1	WP_015108752.1
WP_231598010.1	WP_015110557.1
WP_231598011.1	WP_015110552.1
WP_231598012.1	WP_156818392.1
WP_231598015.1	WP_015110019.1
WP_231598018.1	WP_015109140.1
WP_231598028.1	WP_015109358.1
WP_231598032.1	WP_245552512.1
WP_231598039.1	WP_015110502.1
WP_231598040.1	WP_015110496.1
WP_231598041.1	WP_015110493.1
WP_231598042.1	WP_015110487.1
WP_231598043.1	WP_015110480.1
WP_231598044.1	WP_015110479.1
WP_231598045.1	WP_015110460.1
WP_231598048.1	WP_015110423.1
WP_231598049.1	WP_015110406.1
WP_231598050.1	WP_015110395.1
WP_231598054.1	WP_015110377.1
WP_231598055.1	WP_015110384.1
WP_231598056.1	WP_015110385.1
WP_231598057.1	WP_015109282.1
WP_231598058.1	WP_015108495.1
WP_231598059.1	WP_015110605.1
WP_231598061.1	WP_015109541.1
WP_231598062.1	WP_015109491.1
WP_231598064.1	WP_015108513.1
WP_231598065.1	WP_015109324.1
WP_231598066.1	WP_015110451.1
WP_231598068.1	WP_015110291.1
WP_231598069.1	WP_015110294.1
WP_231598070.1	WP_015110295.1
WP_231598072.1	WP_015108150.1
WP_231598073.1	WP_015110327.1
WP_231598075.1	WP_051017143.1
WP_231598076.1	WP_015110337.1
WP_231598081.1	WP_015108901.1
WP_231598082.1	WP_043325820.1
WP_231598085.1	WP_015110061.1
WP_231598086.1	WP_015110072.1
WP_231598087.1	WP_015110074.1
WP_231598088.1	WP_015110075.1
WP_231598089.1	WP_015110091.1
WP_231598090.1	WP_245552516.1
WP_231598091.1	WP_015110193.1
WP_231598092.1	WP_015110206.1
WP_231598095.1	WP_015110114.1
WP_231598096.1	WP_015108501.1
WP_231598098.1	WP_043325251.1
WP_231598103.1	WP_043327000.1
WP_231598104.1	WP_015109676.1
WP_231598106.1	WP_015110186.1
WP_231598107.1	WP_015110184.1
WP_231598113.1	WP_015109869.1
WP_231598114.1	WP_015109873.1
WP_231598115.1	WP_015109887.1
WP_231598116.1	WP_015109894.1
WP_231598117.1	WP_015109900.1
WP_231598118.1	WP_015109932.1
WP_231598119.1	WP_015109937.1
WP_231598120.1	WP_043325771.1
WP_231598121.1	WP_015109944.1
WP_231598122.1	WP_015109288.1
WP_231598125.1	WP_015109974.1
WP_231598126.1	WP_043325792.1
WP_231598127.1	WP_015109981.1
WP_231598128.1	WP_015109982.1
WP_231598129.1	WP_015110008.1
WP_231598131.1	WP_015109489.1
WP_231598134.1	WP_156818437.1
WP_231598137.1	WP_216593343.1
WP_231598139.1	WP_245552572.1
WP_231598140.1	WP_015109926.1
WP_231598141.1	WP_015110113.1
WP_231598142.1	WP_015110112.1
WP_231598147.1	WP_015109789.1
WP_231598148.1	WP_015110454.1
WP_231598149.1	WP_015109791.1
WP_231598150.1	WP_015107973.1
WP_231598151.1	WP_015109795.1
WP_231598153.1	WP_245552508.1
WP_231598154.1	WP_015109828.1
WP_231598155.1	WP_015109838.1
WP_231598156.1	WP_015109850.1
WP_231598161.1	WP_015108376.1
WP_231598163.1	WP_015109486.1
WP_231598170.1	WP_043325248.1
WP_231598171.1	WP_051017167.1
WP_231598172.1	WP_015108414.1
WP_231598173.1	WP_015108170.1
WP_231598174.1	WP_015110096.1
WP_231598175.1	WP_015109334.1
WP_231598176.1	WP_156818442.1
WP_231598177.1	WP_015109625.1
WP_231598178.1	WP_015109580.1
WP_231598179.1	WP_015109527.1
WP_231598181.1	WP_015109465.1
WP_231598182.1	WP_015108991.1
WP_231598183.1	WP_015108998.1
WP_231598185.1	WP_015109463.1
WP_231598187.1	WP_015109396.1
WP_231598188.1	WP_015109394.1
WP_231598189.1	WP_015109274.1
WP_231598190.1	WP_015109258.1
WP_231598192.1	WP_015109230.1
WP_231598193.1	WP_015109211.1
WP_231598194.1	WP_015109210.1
WP_231598195.1	WP_245552630.1
WP_231598196.1	WP_015109200.1
WP_231598197.1	WP_015109198.1
WP_231598198.1	WP_245552629.1
WP_231598199.1	WP_015109185.1
WP_231598200.1	WP_015109178.1
WP_231598201.1	WP_015110127.1
WP_231598202.1	WP_245552626.1
WP_231598203.1	WP_015109148.1
WP_231598207.1	WP_015110490.1
WP_231598208.1	WP_015110488.1
WP_231598214.1	WP_015110413.1
WP_231598217.1	WP_015110268.1
WP_231598219.1	WP_015110279.1
WP_231598220.1	WP_015110286.1
WP_231598223.1	WP_015110221.1
WP_231598225.1	WP_342662056.1
WP_231598228.1	WP_015110055.1
WP_231598233.1	WP_015109963.1
WP_231598237.1	WP_015110242.1
WP_231598238.1	WP_245552676.1
WP_231598239.1	WP_083891446.1
WP_231598242.1	WP_015109786.1
WP_231598244.1	WP_245552666.1
WP_231598252.1	WP_043325327.1
WP_231598253.1	WP_015109654.1
WP_231598256.1	WP_051017218.1
WP_231598257.1	WP_015109267.1
WP_231598266.1	WP_015108974.1
WP_231598267.1	WP_015108963.1
WP_231598270.1	WP_015108876.1
WP_231598271.1	WP_015109056.1
WP_231598273.1	WP_015110757.1
WP_231598277.1	WP_245552695.1
WP_231598279.1	WP_015108579.1
WP_231598280.1	WP_015108533.1
WP_231598282.1	WP_015108538.1
WP_231598284.1	WP_043326431.1
WP_231598285.1	WP_015109005.1
WP_231598290.1	WP_015107869.1
WP_231598293.1	WP_015110508.1
WP_231598294.1	WP_015108793.1
WP_231598298.1	WP_015108466.1
WP_231598310.1	WP_015108040.1
WP_231598311.1	WP_245552560.1
WP_231598312.1	WP_015107788.1
WP_231598313.1	WP_015108641.1
WP_231598325.1	WP_051017186.1
WP_231598327.1	WP_015108362.1
WP_231598328.1	WP_015108398.1
WP_231598335.1	WP_015108628.1
WP_231598337.1	WP_051017044.1
WP_231598340.1	WP_156818503.1
WP_231598341.1	WP_015107703.1
WP_231598342.1	WP_043326054.1
WP_231598345.1	WP_015109161.1
WP_231598350.1	WP_015110586.1
WP_231605313.1	WP_015108273.1
WP_255518220.1	WP_015110553.1
WP_255518590.1	WP_043325364.1
WP_304623193.1	WP_015107981.1
WP_304623194.1	WP_015108957.1
WP_304623195.1	WP_015108393.1
WP_304623199.1	WP_015108312.1
WP_304623203.1	WP_015110560.1
WP_304623209.1	WP_015108997.1
WP_304623210.1	WP_156818600.1
WP_304623211.1	WP_015109485.1
WP_304623213.1	WP_015110561.1
WP_322757440.1	WP_015107883.1
WP_322757953.1	WP_015109867.1
WP_322758286.1	WP_015109155.1
WP_322758373.1	WP_015108732.1
WP_322758462.1	WP_015107770.1
WP_322758732.1	WP_015108204.1
WP_322758733.1	WP_015108203.1
WP_322758740.1	WP_015108185.1
WP_323270848.1	WP_043325399.1
WP_370594611.1	WP_015108880.1
WP_370594612.1	WP_015109039.1
WP_370594613.1	WP_015107876.1
WP_370594629.1	WP_015108100.1
WP_370594642.1	WP_043326297.1
WP_370594647.1	WP_015108395.1
WP_370594650.1	WP_015110812.1
WP_370594651.1	WP_245552609.1
WP_370594652.1	WP_043326492.1
WP_370594653.1	WP_015108331.1
WP_370594654.1	WP_015107754.1
WP_370594657.1	WP_043327381.1
WP_370594660.1	WP_015110655.1
WP_370594661.1	WP_015110678.1
WP_370594662.1	WP_015110535.1
WP_370594663.1	WP_015108995.1
WP_370594664.1	WP_015108994.1
WP_370594667.1	WP_015109656.1
WP_370594668.1	WP_015109861.1
WP_370594671.1	WP_015109885.1
WP_370594672.1	WP_043327064.1
WP_370594675.1	WP_015108229.1
WP_370594681.1	WP_015109111.1
WP_370594684.1	WP_015109206.1
WP_370594685.1	WP_015108258.1
WP_370594693.1	WP_015110438.1
WP_370594699.1	WP_015108260.1
WP_370594704.1	WP_015110796.1
WP_370594705.1	WP_015108547.1
WP_370594717.1	WP_015108624.1
WP_370594720.1	WP_051016968.1
WP_370594724.1	WP_015109466.1
WP_370594738.1	WP_015108934.1
WP_370594739.1	WP_015110716.1
WP_370594740.1	WP_015110729.1
WP_370594741.1	WP_043325977.1
WP_370594742.1	WP_015108813.1
WP_370594743.1	WP_015108612.1
WP_370594744.1	WP_245552558.1
WP_370594745.1	WP_015110776.1
WP_370594746.1	WP_015110790.1
WP_370594748.1	WP_015110519.1
WP_370594749.1	WP_015108784.1
WP_370594750.1	WP_245552615.1
WP_370594753.1	WP_156818357.1
WP_370594754.1	WP_015108071.1
WP_370594756.1	WP_015109505.1
WP_370594758.1	WP_015107805.1
WP_370594759.1	WP_015107792.1
WP_370594760.1	WP_015107790.1
WP_370594761.1	WP_015108135.1
WP_370594764.1	WP_015108231.1
WP_370594765.1	WP_015108248.1
WP_370594767.1	WP_015108292.1
WP_370594768.1	WP_015108294.1
WP_370594769.1	WP_015108295.1
WP_370594771.1	WP_245552551.1
WP_370594772.1	WP_015108523.1
WP_370594773.1	WP_015110320.1
WP_370594775.1	WP_015110930.1
WP_370594776.1	WP_015107744.1
WP_370594777.1	WP_043327378.1
WP_370594778.1	WP_015110652.1
WP_370594779.1	WP_015110607.1
WP_370594782.1	WP_015110024.1
WP_370594783.1	WP_015109504.1
WP_370594785.1	WP_015110492.1
WP_370594786.1	WP_015110443.1
WP_370594787.1	WP_015110418.1
WP_370594788.1	WP_015110415.1
WP_370594789.1	WP_015110399.1
WP_370594790.1	WP_015109535.1
WP_370594791.1	WP_043327214.1
WP_370594792.1	WP_015107864.1
WP_370594797.1	WP_015109727.1
WP_370594798.1	WP_015110246.1
WP_370594799.1	WP_015110010.1
WP_370594801.1	WP_015110247.1
WP_370594807.1	WP_015109154.1
WP_370594809.1	WP_015110470.1
WP_370594810.1	WP_015110298.1
WP_370594812.1	WP_015109895.1
WP_370594813.1	WP_043327052.1
WP_370594816.1	WP_015109655.1
WP_370594817.1	WP_015109627.1
WP_370594818.1	WP_015109482.1
WP_370594820.1	WP_015109397.1
WP_370594821.1	WP_015109143.1
WP_370594822.1	WP_015109090.1
WP_370594823.1	WP_015108987.1
WP_370594824.1	WP_015108861.1
WP_370594825.1	WP_015110909.1
WP_370594829.1	WP_015109562.1
WP_370594833.1	WP_043325450.1
WP_370594835.1	WP_015108032.1
WP_370594836.1	WP_015108133.1
WP_370594837.1	WP_015108227.1
WP_370594839.1	WP_015107702.1
WP_370594840.1	WP_015110643.1
