rank	score	year	cites	organism_or_topic	bvbrc_workflow	title	authors	venue	input_id	repro_rationale
1	32	2023	3	aeromonas	WGS assembly  +  annotation	Complete genome sequence analysis of the multidrug resistant Aeromonas veronii isolated for the first time from stinging catfish (Shing fish) in Bangladesh	Mohummad Muklesur Rahman; Mohammad Sadekuzzaman; M. Rahman; M. P. Siddique; M. A. Uddin	Journal of Advanced Veterinary and Animal Research	PMID:37969805	abstract mentions public data/seq platform: 'Illumina'
2	31	2018	163	mycobacterium tuberculosis	BV-BRC Genome Group + Comparative Systems / Proteome Comparison + BV-BRC Similar Genome Finder + AMR analysis (CARD/AMRFinder)	Machine learning and structural analysis of Mycobacterium tuberculosis pan-genome identifies genetic signatures of antibiotic resistance	Erol S. Kavvas; E. Catoiu; Nathan Mih; James T. Yurkovich; Yara Seif	Nature Communications	PMID:30333483	abstract states data availability: 'publicly available'
3	30	2022	241	phage	BV-BRC CRISPR pipeline + BV-BRC Genome Group + Comparative Systems / Proteome Comparison	A functional selection reveals previously undetected anti-phage defence systems in the E. coli pangenome	Christopher N. Vassallo; C. Doering; Megan L. Littlehale; Gabriella I. C. Teodoro; M. Laub	Nature Microbiology	PMID:36123438	abstract-implied (isolate WGS), verify accessions
4	30	2020	79	enterococcus faecium	BV-BRC Genome Assembly + PlasmidFinder via Similar Genome Finder + WGS assembly 	Linezolid resistance in Enterococcus faecium and Enterococcus faecalis from hospitalized patients in Ireland: high prevalence of the MDR genes optrA and poxtA in isolates with diverse genetic backgrounds	S. Egan; A. Shore; B. O'Connell; G. Brennan; D. Coleman	Journal of Antimicrobial Chemotherapy	PMID:32129849	abstract mentions public data/seq platform: 'Illumina'
5	30	2021	10	lactobacillus	BV-BRC Codon Tree / Bacterial Genome Tree + WGS assembly 	Genome and Pangenome Analysis of Lactobacillus hilgardii FLUB—A New Strain Isolated from Mead	K. Gustaw; Piotr Koper; M. Polak-Berecka; Kamila Rachwał; K. Skrzypczak	International Journal of Molecular Sciences	PMID:33917427	abstract-implied (isolate WGS), verify accessions
6	30	2023	8	escherichia coli	BV-BRC Codon Tree / Bacterial Genome Tree + WGS assembly 	Emergence and Genomic Features of a mcr-1 Escherichia coli from Duck in Hungary	Ama Szmolka; Ákos Gellért; Dóra Szemerits; Fanni Rapcsák; S. Spisák	Antibiotics	PMID:37887221	abstract-implied (isolate WGS), verify accessions
7	29	2021	58	lactiplantibacillus	BV-BRC Genome Group + Comparative Systems / Proteome Comparison	Comprehensive pan‐genome analysis of Lactiplantibacillus plantarum complete genomes	F. Carpi; M. Coman; S. Silvi; Matteo Picciolini; M. Verdenelli	Journal of Applied Microbiology	PMID:34216519	abstract states data availability: 'publicly available'
8	28	2017	93	bacillus cereus	BV-BRC Codon Tree / Bacterial Genome Tree + BV-BRC Genome Group + Comparative Systems / Proteome Comparison	Pan-genome and phylogeny of Bacillus cereus sensu lato	A. Bazinet	BMC Evolutionary Biology	PMID:28768476	abstract states data availability: 'publicly available'
9	28	2018	90	enterobacter	WGS assembly  +  annotation	Multi-drug resistant Enterobacter bugandensis species isolated from the International Space Station and comparative genomic analyses with human pathogenic strains	N. Singh; D. Bezdan; Aleksandra Checinska Sielaff; Kevin A Wheeler; C. Mason	BMC Microbiology	PMID:30466389	abstract mentions public data/seq platform: 'Nanopore'
10	28	2019	61	escherichia coli	WGS assembly  +  annotation	Nanopore sequencing for fast determination of plasmids, phages, virulence markers, and antimicrobial resistance genes in Shiga toxin-producing Escherichia coli	N. González-Escalona; M. Allard; E. Brown; S. Sharma; M. Hoffmann	bioRxiv	PMID:31361781	abstract mentions public data/seq platform: 'MiSeq'
11	28	2022	55	other	BV-BRC Comprehensive Genome Analysis (RASTtk)	proGenomes3: approaching one million accurately and consistently annotated high-quality prokaryotic genomes	A. Fullam; Ivica Letunic; T. Schmidt; Q. R. Ducarmon; N. Karcher	Nucleic Acids Res.	PMID:36408900	abstract states data availability: 'publicly available'
12	28	2023	35	enterococcus faecalis	WGS assembly  +  annotation	Virulence and antibiotic-resistance genes in Enterococcus faecalis associated with streptococcosis disease in fish	Tasmina Akter; M. N. Haque; Rakib Ehsan; S. I. Paul; Md. Javed Foysal	Scientific Reports	PMID:36707682	abstract mentions public data/seq platform: 'MiSeq'
13	28	2021	25	salmonella	BV-BRC Similar Genome Finder + AMR analysis (CARD/AMRFinder)	Genomic surveillance of antimicrobial resistance shows cattle and poultry are a moderate source of multi-drug resistant non-typhoidal Salmonella in Mexico	E. Delgado-Suárez; Tania Palós-Guitérrez; F. A. Ruíz-López; Cindy Fabiola Hernández Pérez; N. E. Ballesteros-Nova	PLoS ONE	PMID:33951039	abstract states data availability: 'publicly available'
14	28	2022	10	acinetobacter baumannii	BV-BRC Genome Assembly + PlasmidFinder via Similar Genome Finder + BV-BRC Similar Genome Finder + AMR analysis (CARD/AMRFinder)	Analysis of pCl107 a large plasmid carried by an ST25 Acinetobacter baumannii strain reveals a complex evolutionary history and links to multiple antibiotic resistance and metabolic pathways	R. Rafei; Jonathan Koong; Marwan Osman; A. Al Atrouni; M. Hamzé	FEMS Microbes	PMID:37332503	abstract mentions public data/seq platform: 'Illumina'
15	27	2019	67	aeromonas	BV-BRC Specialty Genes / Virulence Factor Search (VFDB) + BV-BRC Proteome Comparison + Comprehensive Genome Analysis	Comparative genomics of Aeromonas veronii: Identification of a pathotype impacting aquaculture globally	Hasan C. Tekedar; S. Kumru; J. Blom; A. Perkins; M. Griffin	PLoS ONE	PMID:31465454	abstract states data availability: 'publicly available'
16	27	2022	37	klebsiella pneumoniae	BV-BRC Taxonomic Classification / Specialty Genes + BV-BRC Specialty Genes / Virulence Factor Search (VFDB)	Genomic Analysis of Multidrug-Resistant Hypervirulent (Hypermucoviscous) Klebsiella pneumoniae Strain Lacking the Hypermucoviscous Regulators (rmpA/rmpA2)	Hisham N. Altayb; H. Elbadawi; O. Baothman; I. Kazmi; F. Alzahrani	Antibiotics	PMID:35625240	abstract-implied (isolate WGS), verify accessions
17	27	2023	22	enterococcus faecium	BV-BRC Similar Genome Finder + AMR analysis (CARD/AMRFinder) + BV-BRC Phage tooling / Variant Calling	Enterococcus faecium Bacteriophage vB_EfaH_163, a New Member of the Herelleviridae Family, Reduces the Mortality Associated with an E. faecium vanR Clinical Isolate in a Galleria mellonella Animal Model	Inés Pradal; Angel Casado; B. del Rio; C. Rodríguez-Lucas; María Fernández	Viruses	PMID:36680219	abstract-implied (isolate WGS), verify accessions
18	27	2023	17	staphylococcus aureus	BV-BRC Genome Assembly + PlasmidFinder via Similar Genome Finder + BV-BRC Similar Genome Finder + AMR analysis (CARD/AMRFinder)	The Plasmidomic Landscape of Clinical Methicillin-Resistant Staphylococcus aureus Isolates from Malaysia	E. Al-Trad; C. Chew; A. M. Che Hamzah; Z. Suhaili; N. Rahman	Antibiotics	PMID:37107095	abstract mentions public data/seq platform: 'GenBank'
19	27	2016	12	other	BV-BRC Genome Assembly + PlasmidFinder via Similar Genome Finder	Complete genome sequence of thermophilic Bacillus smithii type strain DSM 4216T	E. F. Bosma; J. Koehorst; S. V. van Hijum; Bernadet Renckens; Bastienne Vriesendorp	Standards in Genomic Sciences	PMID:27559429	abstract states data availability: 'accession number'
20	27	2017	12	streptococcus thermophilus	BV-BRC Comprehensive Genome Analysis (RASTtk)	The complete genome sequence of the yogurt isolate Streptococcus thermophilus ACA-DC 2	V. Alexandraki; M. Kazou; J. Blom; B. Pot; E. Tsakalidou	Standards in Genomic Sciences	PMID:28163827	abstract states data availability: 'deposited in'
21	27	2022	3	salmonella enterica	BV-BRC Codon Tree / Bacterial Genome Tree + WGS assembly 	Phylogenomic Analysis of Salmonella enterica subsp. enterica Serovar Bovismorbificans from Clinical and Food Samples Using Whole Genome Wide Core Genes and kmer Binning Methods to Identify Two Distinct Polyphyletic Genome Pathotypes	Gopal R Gopinath; Hyein Jang; J. Beaubrun; J. Gangiredla; M. Mammel	Microorganisms	PMID:35744717	abstract-implied (isolate WGS), verify accessions
22	26	2018	25	finegoldia	BV-BRC Codon Tree / Bacterial Genome Tree + BV-BRC Genome Group + Comparative Systems / Proteome Comparison	Pan-genome analysis of the genus Finegoldia identifies two distinct clades, strain-specific heterogeneity, and putative virulence factors	H. Brüggemann; Anders Jensen; Seven Nazipi; H. Aslan; R. Meyer	Scientific Reports	PMID:29321635	abstract-implied (isolate WGS), verify accessions
23	26	2016	24	paenibacillus	BV-BRC Similar Genome Finder + AMR analysis (CARD/AMRFinder) + BV-BRC Specialty Genes / Virulence Factor Search (VFDB)	Genomic characterization and assessment of the virulence and antibiotic resistance of the novel species Paenibacillus sp. strain VT-400, a potentially pathogenic bacterium in the oral cavity of patients with hematological malignancies	G. Tetz; V. Tetz; M. Vecherkovskaya	Gut Pathogens	PMID:26900405	abstract mentions public data/seq platform: 'NCBI'
24	26	2019	21	pseudomonas aeruginosa	BV-BRC Genome Group + Comparative Systems / Proteome Comparison + BV-BRC Similar Genome Finder + AMR analysis (CARD/AMRFinder)	Accessory genome of the multi-drug resistant ocular isolate of Pseudomonas aeruginosa PA34	D. Subedi; G. Kohli; A. K. Vijay; M. Willcox; S. Rice	PLoS ONE	PMID:30986237	abstract-implied (isolate WGS), verify accessions
25	26	2022	17	shewanella	BV-BRC IslandViewer-compatible annotation export + BV-BRC CRISPR pipeline	Complete genome sequence of Shewanella algae strain 2NE11, a decolorizing bacterium isolated from industrial effluent in Peru	Wendy C. Lizárraga; Carlo G. Mormontoy; Hedersson Calla; Maria Castaneda; Mario A. Taira	Biotechnology Reports	PMID:35145887	abstract-implied (isolate WGS), verify accessions
26	26	2019	12	neisseria gonorrhoeae	BV-BRC Codon Tree / Bacterial Genome Tree + WGS assembly 	Gen2Epi: an automated whole-genome sequencing pipeline for linking full genomes to antimicrobial susceptibility and molecular epidemiological data in Neisseria gonorrhoeae	Reema Singh; J. Dillon; W. Demczuk; A. Kusalik	BMC Genomics	PMID:30832565	abstract mentions public data/seq platform: 'short reads'
27	26	2022	6	variovorax	BV-BRC Comprehensive Genome Analysis (RASTtk) + BV-BRC Proteome Comparison + Comprehensive Genome Analysis	Complete Genome Sequence and Comparative Genome Analysis of Variovorax sp. Strains PAMC28711, PAMC26660, and PAMC28562 and Trehalose Metabolic Pathways in Antarctica Isolates	Prasansah Shrestha; Jayram Karmacharya; So-Ra Han; J. Lee; Hyun-Suh Park	International Journal of Microbiology	PMID:37275508	abstract mentions public data/seq platform: 'NCBI'
28	26	2022	3	klebsiella pneumoniae	BV-BRC Genome Assembly + PlasmidFinder via Similar Genome Finder + WGS assembly 	Novel Megaplasmid Driving NDM-1-Mediated Carbapenem Resistance in Klebsiella pneumoniae ST1588 in South America	M. Quezada-Aguiluz; A. Opazo-Capurro; N. Lincopán; F. Esposito; Bruna Fuga	Antibiotics	PMID:36139987	abstract mentions public data/seq platform: 'Nanopore'
29	26	2022	2	acinetobacter baumannii	BV-BRC Similar Genome Finder + AMR analysis (CARD/AMRFinder)	Complete genome of the extensively antibiotic-resistant GC1 Acinetobacter baumannii isolate MRSN 56 reveals a novel route to fluoroquinolone resistance	C. Harmer; F. Lebreton; J. Stam; P. McGann; R. Hall	Journal of Antimicrobial Chemotherapy	PMID:35403193	abstract mentions public data/seq platform: 'Nanopore'
30	26	2023	1	shewanella	BV-BRC Genome Group + Comparative Systems / Proteome Comparison + BV-BRC annotation export -> antiSMASH (or BV-BRC BGC search)	Complete Genome Sequence and Pan-Genome Analysis of Shewanella oncorhynchi Z-P2, a Siderophore Putrebactin-Producing Bacterium	Ying Zhang; Mengjie Pan; Qiaoyun Wang; Lanyang Wang; Li-Hong Liao	Microorganisms	PMID:38138105	abstract-implied (isolate WGS), verify accessions
