rank	tier	feas_score	paper_id	year	cites	title	pdf_path
1	PASS	14	1769956	2020	0	Accuracy in Resolving the First Hydration Layer on a Transition-Metal Oxide Surface: Experiment (AP-XPS) and T	/Volumes/SG-1-8TB/osti/pdfs/2020/1769956.pdf
2	PASS	14	1846304	2022	0	Universal machine learning framework for defect predictions in zinc blende semiconductors	/Volumes/SG-1-8TB/osti/pdfs/2022/1846304.pdf
3	PASS	14	1605241	2019	0	Angle-resolved photoemission spectroscopy of a Fermi–Hubbard system	/Volumes/SG-1-8TB/osti/pdfs/2019/1605241.pdf
4	PASS	12	1562515	2019	0	Electro-Oxidation of Methane on Platinum under Ambient Conditions	/Volumes/SG-1-8TB/osti/pdfs/2019/1562515.pdf
5	PASS	12	1608944	2020	0	Interpreting Tafel behavior of consecutive electrochemical reactions through combined thermodynamic and steady	/Volumes/SG-1-8TB/osti/pdfs/2020/1608944.pdf
6	PASS	10	1579300	2019	0	Advances in Multi-Physics Modeling for Parallel Finite Element Code Suite ACE3P	/Volumes/SG-1-8TB/osti/pdfs/2019/1579300.pdf
7	PASS	10	1899174	2022	0	Deep learning the properties of inorganic perovskites	/Volumes/SG-1-8TB/osti/pdfs/2022/1899174.pdf
8	PASS	10	1782086	2021	0	Nitromethane Decomposition via Automated Reaction Discovery and an Ab Initio Corrected Kinetic Model	/Volumes/SG-1-8TB/osti/pdfs/2021/1782086.pdf
9	PASS	10	1633615	2020	0	Solvation at metal/water interfaces: An <em>ab initio</em> molecular dynamics benchmark of common computationa	/Volumes/SG-1-8TB/osti/pdfs/2020/1633615.pdf
10	PASS	10	1633326	2020	0	TeraChem Cloud: A High-Performance Computing Service for Scalable Distributed GPU-Accelerated Electronic Struc	/Volumes/SG-1-8TB/osti/pdfs/2020/1633326.pdf
11	PASS	10	1560678	2019	0	Practical Considerations for Continuum Models Applied to Surface Electrochemistry	/Volumes/SG-1-8TB/osti/pdfs/2019/1560678.pdf
12	PASS	10	1546960	2019	0	pH Effects on Hydrogen Evolution and Oxidation over Pt(111): Insights from First-Principles	/Volumes/SG-1-8TB/osti/pdfs/2019/1546960.pdf
13	PASS	10	1788245	2020	0	Enhancing perovskite electrocatalysis through synergistic functionalization of B-site cation for efficient wat	/Volumes/SG-1-8TB/osti/pdfs/2020/1788245.pdf
14	PASS	10	1660552	2020	0	Unexpected electrochemical behavior of an anolyte redoxmer in flow battery electrolytes: solvating cations hel	/Volumes/SG-1-8TB/osti/pdfs/2020/1660552.pdf
15	PASS	10	1638138	2020	0	Identifying Dense NiSe<sub>2</sub>/CoSe<sub>2</sub> Heterointerfaces Coupled with Surface High-Valence Bimetal	/Volumes/SG-1-8TB/osti/pdfs/2020/1638138.pdf
16	PASS	10	1576800	2019	0	Transition Metal Arsenide Catalysts for the Hydrogen Evolution Reaction	/Volumes/SG-1-8TB/osti/pdfs/2019/1576800.pdf
17	PASS	10	1560627	2019	0	Insights into the Electrochemical Oxygen Evolution Reaction with ab Initio Calculations and Microkinetic Model	/Volumes/SG-1-8TB/osti/pdfs/2019/1560627.pdf
18	PASS	10	1562517	2019	0	Car–Parrinello Monitor for More Robust Born–Oppenheimer Molecular Dynamics	/Volumes/SG-1-8TB/osti/pdfs/2019/1562517.pdf
19	PASS	10	1595249	2019	0	Atomic interface effect of a single atom copper catalyst for enhanced oxygen reduction reactions	/Volumes/SG-1-8TB/osti/pdfs/2019/1595249.pdf
20	PASS	10	1546948	2019	0	The purported square ice in bilayer graphene is a nanoscale, monolayer object	/Volumes/SG-1-8TB/osti/pdfs/2019/1546948.pdf
21	PASS	10	1526444	2019	0	Low-Scaling Algorithm for Nudged Elastic Band Calculations Using a Surrogate Machine Learning Model	/Volumes/SG-1-8TB/osti/pdfs/2019/1526444.pdf
22	PASS	10	1768847	2020	0	Acetonitrile Transition Metal Interfaces from First Principles	/Volumes/SG-1-8TB/osti/pdfs/2020/1768847.pdf
23	PASS	8	1608329	2020	0	Predicting metal–metal interactions. II. Accelerating generalized schemes through physical insights	/Volumes/SG-1-8TB/osti/pdfs/2020/1608329.pdf
24	PASS	8	1617039	2020	0	Efficient Treatment of Large Active Spaces through Multi-GPU Parallel Implementation of Direct Configuration I	/Volumes/SG-1-8TB/osti/pdfs/2020/1617039.pdf
25	PASS	8	1576245	2019	0	Substituted lead halide perovskite intermediate band absorbers	/Volumes/SG-1-8TB/osti/pdfs/2019/1576245.pdf
26	PASS	8	1595243	2019	0	Unified Approach to Implicit and Explicit Solvent Simulations of Electrochemical Reaction Energetics	/Volumes/SG-1-8TB/osti/pdfs/2019/1595243.pdf
27	PASS	8	2574935	2025	0	Vapor Phase Installation of CpCo(CO)<sub>2</sub> in MOF‐808	/Volumes/SG-1-8TB/osti/pdfs/2025/2574935.pdf
28	PASS	8	2480034	2024	0	A novel conditional generative model for efficient ensemble forecasts of state variables in large-scale geolog	/Volumes/SG-1-8TB/osti/pdfs/2024/2480034.pdf
29	PASS	8	1905313	2022	0	Composition-transferable machine learning potential for LiCl-KCl molten salts validated by high-energy x-ray d	/Volumes/SG-1-8TB/osti/pdfs/2022/1905313.pdf
30	PASS	8	1787844	2021	0	Superionic iron oxide–hydroxide in Earth’s deep mantle	/Volumes/SG-1-8TB/osti/pdfs/2021/1787844.pdf
31	PASS	8	1608337	2020	0	Predicting metal–metal interactions. I. The influence of strain on nanoparticle and metal adlayer stabilities	/Volumes/SG-1-8TB/osti/pdfs/2020/1608337.pdf
32	PASS	8	1665994	2020	0	Toward Large-Scale Image Segmentation on Summit	/Volumes/SG-1-8TB/osti/pdfs/2020/1665994.pdf
33	PASS	8	1768395	2020	0	Subsurface Nitrogen Dissociation Kinetics in Lithium Metal from Metadynamics	/Volumes/SG-1-8TB/osti/pdfs/2020/1768395.pdf
34	PASS	8	1646791	2020	0	Engineering the electronic and strained interface for high activity of PdM<sub>core</sub>@Pt<sub>monolayer</su	/Volumes/SG-1-8TB/osti/pdfs/2020/1646791.pdf
35	PASS	8	1608321	2020	0	In Situ X-Ray Absorption Spectroscopy Disentangles the Roles of Copper and Silver in a Bimetallic Catalyst for	/Volumes/SG-1-8TB/osti/pdfs/2020/1608321.pdf
36	PASS	8	1633946	2020	0	DFT simulation of the X-ray diffraction pattern of aluminum-ion-intercalated graphite used as the cathode mate	/Volumes/SG-1-8TB/osti/pdfs/2020/1633946.pdf
37	PASS	8	1608816	2019	0	Reply to: Reconsidering X-ray plasmons	/Volumes/SG-1-8TB/osti/pdfs/2019/1608816.pdf
38	PASS	8	1562519	2019	0	Optical Control of Non-Equilibrium Phonon Dynamics	/Volumes/SG-1-8TB/osti/pdfs/2019/1562519.pdf
39	PASS	8	1546747	2019	0	Enhanced correlations and superconductivity in weakly interacting partially flat-band systems: A determinantal	/Volumes/SG-1-8TB/osti/pdfs/2019/1546747.pdf
40	PASS	8	1546783	2019	0	Predicting Chemical Reaction Barriers with a Machine Learning Model	/Volumes/SG-1-8TB/osti/pdfs/2019/1546783.pdf
41	PASS	8	1529115	2019	0	Quasi-Ballistic Thermal Transport Across MoS<sub>2</sub> Thin Films	/Volumes/SG-1-8TB/osti/pdfs/2019/1529115.pdf
42	PASS	8	1529086	2019	0	Solvent–Adsorbate Interactions and Adsorbate-Specific Solvent Structure in Carbon Dioxide Reduction on a Stepp	/Volumes/SG-1-8TB/osti/pdfs/2019/1529086.pdf
43	PASS	8	3012458	2026	0	A physics informed model for the prediction of surface energies and the shape of metal particles	/Volumes/SG-1-8TB/osti/pdfs/2026/3012458.pdf
44	PASS	8	1769343	2020	0	Atomistic Insight into Cation Effects on Binding Energies in Cu-Catalyzed Carbon Dioxide Reduction	/Volumes/SG-1-8TB/osti/pdfs/2020/1769343.pdf
45	PASS	8	1646811	2020	0	[(MeCN)Ni(CF<sub>3</sub>)<sub>3</sub>]<sup>-</sup> and [Ni(CF<sub>3</sub>)<sub>4</sub>]<sup>2–</sup>: Foundati	/Volumes/SG-1-8TB/osti/pdfs/2020/1646811.pdf
46	PASS	8	1646879	2020	0	Nonadiabatic Dynamics of Photoexcited cis-Stilbene Using Ab Initio Multiple Spawning	/Volumes/SG-1-8TB/osti/pdfs/2020/1646879.pdf
47	PASS	8	1638153	2020	0	Beyond the electric-dipole approximation in simulations of x-ray absorption spectroscopy: Lessons from relativ	/Volumes/SG-1-8TB/osti/pdfs/2020/1638153.pdf
48	PASS	8	1638159	2020	0	In Situ Phosphatizing of Triphenylphosphine Encapsulated within Metal–Organic Frameworks to Design Atomic Co<s	/Volumes/SG-1-8TB/osti/pdfs/2020/1638159.pdf
49	PASS	8	1633776	2020	0	Sulfur Loading and Speciation Control the Hydrophobicity, Electron Transfer, Reactivity, and Selectivity of Su	/Volumes/SG-1-8TB/osti/pdfs/2020/1633776.pdf
50	PASS	8	1616750	2020	0	Implications of the fractional charge of hydroxide at the electrochemical interface	/Volumes/SG-1-8TB/osti/pdfs/2020/1616750.pdf
51	PASS	8	1608639	2020	0	Robust <math><msub><mi>d</mi><mrow><msup><mi>x</mi><mn>2</mn></msup><mo>-</mo><msup><mi>y</mi><mn>2</mn></msup	/Volumes/SG-1-8TB/osti/pdfs/2020/1608639.pdf
52	PASS	8	1597907	2019	0	Structure, Dynamics, and Reactivity for Light Alkane Oxidation of Fe(II) Sites Situated in the Nodes of a Meta	/Volumes/SG-1-8TB/osti/pdfs/2019/1597907.pdf
53	PASS	8	1605369	2019	0	Mechanisms of Two-Electron and Four-Electron Electrochemical Oxygen Reduction Reactions at Nitrogen-Doped Redu	/Volumes/SG-1-8TB/osti/pdfs/2019/1605369.pdf
54	PASS	8	1605394	2019	0	Improved Oxygen Reduction Reaction Activity of Nanostructured CoS<sub>2</sub> through Electrochemical Tuning	/Volumes/SG-1-8TB/osti/pdfs/2019/1605394.pdf
55	PASS	8	1591640	2019	0	Double core hole valence-to-core x-ray emission spectroscopy: A theoretical exploration using time-dependent d	/Volumes/SG-1-8TB/osti/pdfs/2019/1591640.pdf
56	PASS	8	1604569	2019	0	Identifying TeV Source Candidates among <i>Fermi</i> -LAT Unclassified Blazars	/Volumes/SG-1-8TB/osti/pdfs/2019/1604569.pdf
57	PASS	8	1597903	2019	0	First-Principles Characterization of the Elusive I Fluorescent State and the Structural Evolution of Retinal P	/Volumes/SG-1-8TB/osti/pdfs/2019/1597903.pdf
58	PASS	8	1560634	2019	0	Adsorption on transition metal surfaces: Transferability and accuracy of DFT using the ADS41 dataset	/Volumes/SG-1-8TB/osti/pdfs/2019/1560634.pdf
59	PASS	8	1576947	2019	0	Understanding cation effects in electrochemical CO<sub>2</sub> reduction	/Volumes/SG-1-8TB/osti/pdfs/2019/1576947.pdf
60	PASS	8	1505429	2019	0	Probing the Active Sites of MoS<sub>2</sub> Based Hydrotreating Catalysts Using Modulation Excitation Spectros	/Volumes/SG-1-8TB/osti/pdfs/2019/1505429.pdf
61	PASS	8	1987179	2023	0	Enhanced dynamic contingency analysis for power systems	/Volumes/SG-1-8TB/osti/pdfs/2023/1987179.pdf
62	PASS	8	1781841	2021	0	Neural Network Sampling of the Free Energy Landscape for Nitrogen Dissociation on Ruthenium	/Volumes/SG-1-8TB/osti/pdfs/2021/1781841.pdf
63	PASS	8	1767968	2020	0	High intensity x-ray interaction with a model bio-molecule system: double-core-hole states and fragmentation o	/Volumes/SG-1-8TB/osti/pdfs/2020/1767968.pdf
64	PASS	6	1669781	2020	0	Performance Evaluation of a Two-Dimensional Flood Model on Heterogeneous High-Performance Computing Architectu	/Volumes/SG-1-8TB/osti/pdfs/2020/1669781.pdf
65	PASS	6	1768006	2020	0	Machine learning with bond information for local structure optimizations in surface science	/Volumes/SG-1-8TB/osti/pdfs/2020/1768006.pdf
66	PASS	6	1570445	2019	0	A comprehensive modeling procedure for estimating statistical properties of forced ignition	/Volumes/SG-1-8TB/osti/pdfs/2019/1570445.pdf
67	PASS	6	2565690	2024	0	Integration and validation of some modules for modelling of high-speed chemically reactive flows in two-phase 	/Volumes/SG-1-8TB/osti/pdfs/2024/2565690.pdf
68	PASS	6	1840015	2021	0	Unusual Role of Point Defects in Perovskite Nickelate Electrocatalysts	/Volumes/SG-1-8TB/osti/pdfs/2021/1840015.pdf
69	PASS	6	3006510	2025	0	Characterizing GPU Energy Usage in Exascale-Ready Portable Science Applications	/Volumes/SG-1-8TB/osti/pdfs/2025/3006510.pdf
70	PASS	6	2538253	2025	0	Combined molecular and spin dynamics simulation of BCC iron with vacancy defects	/Volumes/SG-1-8TB/osti/pdfs/2025/2538253.pdf
71	PASS	6	2571549	2024	0	Large eddy simulation of lean blow-off in swirl-stabilized flame with the subgrid dissipation concept	/Volumes/SG-1-8TB/osti/pdfs/2024/2571549.pdf
72	PASS	6	2281136	2024	0	"Advancing spatiotemporal forecasts of CO<mml:math xmlns:mml=""http://www.w3.org/1998/Math/MathML"" altimg=""si72."	/Volumes/SG-1-8TB/osti/pdfs/2024/2281136.pdf
73	PASS	6	1846195	2021	0	Inversion of coherent surface scattering images via deep learning network	/Volumes/SG-1-8TB/osti/pdfs/2021/1846195.pdf
74	PASS	6	1769621	2020	0	Insights into Copper Sulfide Formation from Cu and S K edge XAS and DFT studies	/Volumes/SG-1-8TB/osti/pdfs/2020/1769621.pdf
75	PASS	6	1656554	2020	0	Intensity modulated Ir-192 brachytherapy using high-Z 3D printed applicators	/Volumes/SG-1-8TB/osti/pdfs/2020/1656554.pdf
76	PASS	6	1656599	2020	0	Hole–hole Tamm–Dancoff-approximated density functional theory: A highly efficient electronic structure method 	/Volumes/SG-1-8TB/osti/pdfs/2020/1656599.pdf
77	PASS	6	1633446	2020	0	A parameter sensitivity study for simulating DNA damage after proton irradiation using TOPAS-nBio	/Volumes/SG-1-8TB/osti/pdfs/2020/1633446.pdf
78	PASS	6	1576798	2019	0	Revealing Electronic Signatures of Lattice Oxygen Redox in Lithium Ruthenates and Implications for High-Energy	/Volumes/SG-1-8TB/osti/pdfs/2019/1576798.pdf
79	PASS	6	1493329	2019	0	The ultrafast Einstein–de Haas effect	/Volumes/SG-1-8TB/osti/pdfs/2019/1493329.pdf
80	PASS	6	2574276	2025	0	Extending tetrahedral network similarity to carbon: A type-I carbon clathrate stabilized by boron	/Volumes/SG-1-8TB/osti/pdfs/2025/2574276.pdf
81	PASS	6	3012384	2025	0	Uncertainty based Online Ensemble on Non-Stationary Data for Fusion Science	/Volumes/SG-1-8TB/osti/pdfs/2025/3012384.pdf
82	PASS	6	3000453	2024	0	Structural phase diagram for Sm-substituted BiFeO<sub>3</sub> multiferroics	/Volumes/SG-1-8TB/osti/pdfs/2024/3000453.pdf
83	PASS	6	2428056	2024	0	Thermal Analysis of a Polypropylene Capacitor for Resonant Tuning Networks in WPT Applications	/Volumes/SG-1-8TB/osti/pdfs/2024/2428056.pdf
84	PASS	6	2222185	2023	0	Spliced soft-core interaction potential for filling small-scale enclosures	/Volumes/SG-1-8TB/osti/pdfs/2023/2222185.pdf
85	PASS	6	2229226	2023	0	Classroom aerosol dispersion modeling: experimental assessment of a low-cost flow simulation tool	/Volumes/SG-1-8TB/osti/pdfs/2023/2229226.pdf
86	PASS	6	2006933	2023	0	Balanced Fast-SpaciMS capillary configurations provide practically noninvasive channel-average measurements in	/Volumes/SG-1-8TB/osti/pdfs/2023/2006933.pdf
87	PASS	6	1909667	2022	0	Hydrous SiO<sub>2</sub> in subducted oceanic crust and H<sub>2</sub>O transport to the core-mantle boundary	/Volumes/SG-1-8TB/osti/pdfs/2022/1909667.pdf
88	PASS	6	1869002	2022	0	Understanding the Solid-State Electrode–Electrolyte Interface of a Model System Using First-Principles Statist	/Volumes/SG-1-8TB/osti/pdfs/2022/1869002.pdf
89	PASS	6	1892767	2022	0	Adaptive time scaling for accelerating explicit finite element analysis	/Volumes/SG-1-8TB/osti/pdfs/2022/1892767.pdf
90	PASS	6	1817386	2021	0	Engineering the Interlayer Spacing by Pre-Intercalation for High Performance Supercapacitor MXene Electrodes i	/Volumes/SG-1-8TB/osti/pdfs/2021/1817386.pdf
91	PASS	6	1809982	2021	0	Benchmarking Quantum Chemistry Computations with Variational, Imaginary Time Evolution, and Krylov Space Solve	/Volumes/SG-1-8TB/osti/pdfs/2021/1809982.pdf
92	PASS	6	1755517	2020	0	Site-Specific Structure at Multiple Length Scales in Kagome Quantum Spin Liquid Candidates	/Volumes/SG-1-8TB/osti/pdfs/2020/1755517.pdf
93	PASS	6	1775102	2020	0	Strain-driven surface reconstruction and cation segregation in layered Li(Ni<sub>1–<em>x</em>–<em>y</em></sub>	/Volumes/SG-1-8TB/osti/pdfs/2020/1775102.pdf
94	PASS	6	1604756	2020	0	AI for Science: Report on the Department of Energy (DOE) Town Halls on Artificial Intelligence (AI) for Scienc	/Volumes/SG-1-8TB/osti/pdfs/2020/1604756.pdf
95	PASS	6	1647603	2020	0	Using simultaneous x-ray diffraction and velocity interferometry to determine material strength in shock-compr	/Volumes/SG-1-8TB/osti/pdfs/2020/1647603.pdf
96	PASS	6	1798890	2020	0	Quantification of Ni–N–O Bond Angles and NO Activation by X-ray Emission Spectroscopy	/Volumes/SG-1-8TB/osti/pdfs/2020/1798890.pdf
97	PASS	6	1767971	2020	0	Modeling Hydrogen Evolution Reaction Kinetics through Explicit Water–Metal Interfaces	/Volumes/SG-1-8TB/osti/pdfs/2020/1767971.pdf
98	PASS	6	1779442	2020	0	Nonadiabatic Dynamics Simulation of the Wavelength-Dependent Photochemistry of Azobenzene Excited to the nπ* a	/Volumes/SG-1-8TB/osti/pdfs/2020/1779442.pdf
99	PASS	6	1768825	2020	0	Atomic Layer Deposition of Pt on the Surface Deactivated by Fluorocarbon Implantation: Investigation of the Gr	/Volumes/SG-1-8TB/osti/pdfs/2020/1768825.pdf
100	PASS	6	1769358	2020	0	Role of Undercoordinated Sites for the Catalysis in Confined Spaces Formed by Two-Dimensional Material Overlay	/Volumes/SG-1-8TB/osti/pdfs/2020/1769358.pdf
