NODE_13_length_28530_cov_45.421889	IS1310	97.698	391	789	0.0
NODE_8_length_147069_cov_79.239149	ISP2	99.083	327	649	0.0
NODE_3_length_459026_cov_73.862264	ISLsa1	99.673	306	639	0.0
NODE_12_length_38609_cov_103.320617	ISLsa1	99.346	306	637	0.0
NODE_21_length_4198_cov_46.167678	ISLpl1	89.644	309	587	0.0
NODE_13_length_28530_cov_45.421889	IS1165	97.509	281	575	0.0
NODE_21_length_4198_cov_46.167678	ISPp1	88.396	293	545	0.0
NODE_13_length_28530_cov_45.421889	ISEfm2	57.179	390	472	1.73e-150
NODE_13_length_28530_cov_45.421889	ISEfa13	56.410	390	470	8.77e-150
NODE_29_length_747_cov_507.191045	ISPp1	97.854	233	469	3.10e-170
NODE_13_length_28530_cov_45.421889	ISEf1	56.410	390	469	2.66e-149
NODE_29_length_747_cov_507.191045	ISLpl1	97.845	232	467	1.99e-169
NODE_13_length_28530_cov_45.421889	ISLgar5	56.589	387	462	8.69e-147
NODE_13_length_28530_cov_45.421889	ISSne1	54.359	390	451	7.47e-143
NODE_13_length_28530_cov_45.421889	ISBame1	51.026	390	433	1.01e-136
NODE_13_length_28530_cov_45.421889	ISSdy3	50.630	397	417	6.21e-131
NODE_13_length_28530_cov_45.421889	IS905	51.282	390	417	3.37e-131
NODE_13_length_28530_cov_45.421889	IS1191	51.795	390	417	3.15e-131
NODE_13_length_28530_cov_45.421889	ISSag11	51.538	390	416	5.78e-131
NODE_13_length_28530_cov_45.421889	ISLdl2	47.826	391	402	3.50e-126
NODE_31_length_673_cov_589.671141	ISP2	99.103	223	397	7.26e-139
NODE_13_length_28530_cov_45.421889	IS1201	48.753	361	384	4.15e-120
NODE_12_length_38609_cov_103.320617	ISLhe4	48.900	409	383	4.31e-119
NODE_12_length_38609_cov_103.320617	ISL4	47.757	379	342	4.51e-105
NODE_12_length_38609_cov_103.320617	ISSsu7	48.157	407	340	1.23e-103
NODE_3_length_459026_cov_73.862264	ISCth3	44.220	346	290	2.74e-86
NODE_13_length_28530_cov_45.421889	ISHahy7	39.142	373	290	3.70e-87
NODE_17_length_12831_cov_88.760467	ISWco1	52.964	253	288	5.99e-86
NODE_17_length_12831_cov_88.760467	ISLsa2	50.000	300	284	8.85e-102
NODE_11_length_55398_cov_105.972217	ISCth3	42.857	343	283	9.56e-85
NODE_13_length_28530_cov_45.421889	IS1165	99.248	133	280	0.0
NODE_11_length_55398_cov_105.972217	ISHahy10	42.730	337	279	1.11e-83
NODE_11_length_55398_cov_105.972217	ISTki1	43.605	344	278	2.38e-83
NODE_8_length_147069_cov_79.239149	ISSau3	53.285	274	275	2.82e-79
NODE_21_length_4198_cov_46.167678	ISLsa1	49.815	271	273	2.04e-83
NODE_11_length_55398_cov_105.972217	ISHahy11	41.840	337	273	1.10e-81
NODE_3_length_459026_cov_73.862264	ISHahy11	41.228	342	271	7.04e-80
NODE_3_length_459026_cov_73.862264	ISHahy10	41.520	342	269	4.18e-79
NODE_8_length_147069_cov_79.239149	ISSep1	52.015	273	268	1.04e-76
NODE_3_length_459026_cov_73.862264	ISPp1	49.248	266	267	2.14e-79
NODE_3_length_459026_cov_73.862264	ISTki1	43.114	334	266	3.21e-78
NODE_3_length_459026_cov_73.862264	ISLpl1	48.708	271	266	6.85e-79
NODE_12_length_38609_cov_103.320617	ISPp1	48.872	266	265	8.13e-80
NODE_12_length_38609_cov_103.320617	ISLpl1	48.339	271	265	2.62e-79
NODE_11_length_55398_cov_105.972217	ISHahy9	41.124	338	264	2.31e-78
NODE_17_length_12831_cov_88.760467	ISWci1	47.826	276	259	5.74e-76
NODE_13_length_28530_cov_45.421889	IS654	36.533	375	259	1.24e-76
NODE_8_length_147069_cov_79.239149	ISSmi2	48.327	269	258	3.59e-73
NODE_8_length_147069_cov_79.239149	ISStin8	47.584	269	253	1.73e-71
NODE_8_length_147069_cov_79.239149	IS1182	48.889	270	251	5.49e-71
NODE_3_length_459026_cov_73.862264	ISHahy9	42.042	333	251	8.57e-73
NODE_13_length_28530_cov_45.421889	ISDet4	35.088	342	248	3.67e-72
NODE_11_length_55398_cov_105.972217	ISL7	41.420	338	248	7.40e-73
NODE_3_length_459026_cov_73.862264	ISLsa2	57.561	205	243	7.90e-69
NODE_3_length_459026_cov_73.862264	ISL7	39.296	341	242	7.75e-70
NODE_11_length_55398_cov_105.972217	IS1470	38.889	342	236	1.85e-68
NODE_17_length_12831_cov_88.760467	ISLla3	41.356	295	235	1.40e-67
NODE_13_length_28530_cov_45.421889	ISCcl1	33.424	368	235	7.24e-68
NODE_13_length_28530_cov_45.421889	ISTwi1	34.104	346	234	1.47e-67
NODE_13_length_28530_cov_45.421889	ISCbe6	34.393	346	233	4.38e-67
NODE_13_length_28530_cov_45.421889	ISDgi1	32.853	347	232	1.01e-66
NODE_3_length_459026_cov_73.862264	ISLjo1	42.183	339	231	4.87e-66
NODE_3_length_459026_cov_73.862264	IS1470	38.318	321	231	5.32e-66
NODE_13_length_28530_cov_45.421889	ISTth5	33.156	377	230	1.55e-66
NODE_8_length_147069_cov_79.239149	ISLac1	46.400	250	229	4.56e-64
NODE_13_length_28530_cov_45.421889	ISSod18	33.151	365	229	8.12e-66
NODE_13_length_28530_cov_45.421889	ISDku1	32.787	366	229	1.10e-65
NODE_13_length_28530_cov_45.421889	ISCob1	33.815	346	229	7.51e-66
NODE_13_length_28530_cov_45.421889	ISPeth4	31.492	362	228	2.05e-65
NODE_17_length_12831_cov_88.760467	ISBth10	40.308	325	227	4.71e-65
NODE_3_length_459026_cov_73.862264	ISLga1	40.708	339	226	4.28e-64
NODE_13_length_28530_cov_45.421889	ISCth4	33.429	347	225	2.39e-64
NODE_17_length_12831_cov_88.760467	ISBth167	39.571	326	224	6.35e-64
NODE_13_length_28530_cov_45.421889	ISFac8	34.309	376	224	3.07e-64
NODE_11_length_55398_cov_105.972217	ISCARN82	63.690	168	224	6.48e-82
NODE_13_length_28530_cov_45.421889	ISXax1	30.851	376	223	8.06e-64
NODE_13_length_28530_cov_45.421889	ISAs3	32.213	357	223	1.42e-63
NODE_3_length_459026_cov_73.862264	ISWco1	51.471	204	222	1.07e-61
NODE_12_length_38609_cov_103.320617	IS153	95.413	109	221	1.80e-64
NODE_11_length_55398_cov_105.972217	ISLjo1	39.940	333	221	1.43e-63
NODE_17_length_12831_cov_88.760467	ISBce19	39.458	332	220	1.42e-62
NODE_17_length_12831_cov_88.760467	ISAba45	43.103	290	220	4.31e-73
NODE_13_length_28530_cov_45.421889	ISPa46	30.641	359	220	1.15e-62
NODE_21_length_4198_cov_46.167678	ISLmo6	40.594	303	219	2.51e-64
NODE_17_length_12831_cov_88.760467	ISEnfa3	39.610	308	218	1.92e-67
NODE_13_length_28530_cov_45.421889	ISSer2	33.333	363	218	2.93e-61
NODE_13_length_28530_cov_45.421889	ISEc39	32.873	362	218	5.49e-62
NODE_12_length_38609_cov_103.320617	ISLpl1	100.000	102	218	3.41e-63
NODE_13_length_28530_cov_45.421889	ISAba42	31.720	372	217	9.45e-62
NODE_8_length_147069_cov_79.239149	IS663	44.727	275	216	3.41e-59
NODE_17_length_12831_cov_88.760467	ISStma2	39.936	313	216	4.42e-61
NODE_17_length_12831_cov_88.760467	ISBce18	39.077	325	216	5.63e-61
NODE_13_length_28530_cov_45.421889	IS1414	33.884	363	216	1.92e-61
NODE_11_length_55398_cov_105.972217	ISLga1	38.855	332	216	6.56e-62
NODE_13_length_28530_cov_45.421889	ISPa1328	30.084	359	215	6.29e-61
NODE_13_length_28530_cov_45.421889	ISAba26	32.320	362	215	4.24e-61
NODE_13_length_28530_cov_45.421889	ISBli19	32.576	396	214	3.98e-60
NODE_13_length_28530_cov_45.421889	ISActu1	31.443	388	214	4.78e-60
NODE_13_length_28530_cov_45.421889	ISTth4	31.888	392	213	2.18e-60
NODE_17_length_12831_cov_88.760467	ISPsy8	40.260	308	212	5.65e-67
NODE_17_length_12831_cov_88.760467	ISBce15	40.252	318	212	6.98e-60
NODE_17_length_12831_cov_88.760467	ISEfa10	38.267	277	211	5.07e-59
NODE_17_length_12831_cov_88.760467	IS1664	38.710	310	211	1.66e-59
NODE_17_length_12831_cov_88.760467	IS1296	37.710	297	211	1.36e-69
NODE_13_length_28530_cov_45.421889	ISMlu11	33.144	353	211	4.43e-59
NODE_11_length_55398_cov_105.972217	ISCaa8	58.235	170	211	2.37e-81
NODE_3_length_459026_cov_73.862264	ISSlu1	43.542	271	210	3.29e-68
NODE_17_length_12831_cov_88.760467	ISBope1	39.159	309	210	4.86e-59
NODE_3_length_459026_cov_73.862264	ISSau1	38.462	286	209	7.48e-59
NODE_13_length_28530_cov_45.421889	ISPsy17	32.153	367	209	1.15e-58
NODE_12_length_38609_cov_103.320617	ISCARN82	62.195	164	209	1.09e-79
NODE_13_length_28530_cov_45.421889	ISAzs19	33.430	344	208	1.47e-58
NODE_17_length_12831_cov_88.760467	ISKpn8	40.404	297	207	9.06e-64
NODE_13_length_28530_cov_45.421889	ISEic2	32.320	362	207	1.66e-58
NODE_12_length_38609_cov_103.320617	ISSau1	37.895	285	207	2.66e-59
NODE_12_length_38609_cov_103.320617	ISCaa8	59.763	169	207	2.20e-80
NODE_13_length_28530_cov_45.421889	ISApr14	34.177	316	206	4.36e-58
NODE_13_length_28530_cov_45.421889	IS1090	32.249	369	206	7.51e-58
NODE_3_length_459026_cov_73.862264	IS658	42.208	308	204	2.85e-57
NODE_17_length_12831_cov_88.760467	ISHaha3	40.193	311	204	2.61e-57
NODE_17_length_12831_cov_88.760467	IS150	39.297	313	204	3.48e-57
NODE_13_length_28530_cov_45.421889	ISSoEn2	32.507	363	204	2.12e-57
NODE_13_length_28530_cov_45.421889	ISAcma7	34.194	310	204	2.83e-57
NODE_13_length_28530_cov_45.421889	ISAar6	32.687	361	204	1.91e-56
NODE_11_length_55398_cov_105.972217	ISStin2	37.101	345	204	1.55e-57
NODE_8_length_147069_cov_79.239149	IS660	40.836	311	203	1.33e-54
NODE_13_length_28530_cov_45.421889	ISSpwi2	33.951	324	203	5.46e-57
NODE_13_length_28530_cov_45.421889	ISMysp7	31.487	343	203	7.43e-57
NODE_13_length_28530_cov_45.421889	ISMca5	31.138	334	203	7.77e-57
NODE_13_length_28530_cov_45.421889	ISCpe3	33.234	337	203	6.93e-57
NODE_13_length_28530_cov_45.421889	IS1554	34.311	341	203	1.29e-56
NODE_11_length_55398_cov_105.972217	ISAba15	66.216	148	203	1.07e-78
NODE_17_length_12831_cov_88.760467	ISSpn4	40.072	277	202	5.57e-58
NODE_17_length_12831_cov_88.760467	ISFnu6	39.683	315	202	1.60e-56
NODE_17_length_12831_cov_88.760467	ISEcB1	39.667	300	202	4.92e-66
NODE_17_length_12831_cov_88.760467	ISBam1	39.088	307	202	6.05e-69
NODE_13_length_28530_cov_45.421889	ISNml4	30.198	404	202	3.96e-56
NODE_13_length_28530_cov_45.421889	ISMgi5	31.389	360	202	5.93e-56
NODE_13_length_28530_cov_45.421889	IS1132	31.218	394	202	3.39e-56
NODE_12_length_38609_cov_103.320617	IS658	41.883	308	202	1.09e-57
NODE_11_length_55398_cov_105.972217	ISAba37	57.143	168	202	4.63e-58
NODE_3_length_459026_cov_73.862264	IS1070	40.830	289	201	4.16e-56
NODE_17_length_12831_cov_88.760467	ISCARN82	61.491	161	201	1.49e-77
NODE_17_length_12831_cov_88.760467	ISBmu5	40.129	309	201	3.59e-56
NODE_17_length_12831_cov_88.760467	ISApl3	40.972	288	201	3.13e-62
NODE_17_length_12831_cov_88.760467	ISApl2	42.014	288	201	5.56e-56
NODE_13_length_28530_cov_45.421889	ISRta2	32.471	348	201	5.13e-56
NODE_21_length_4198_cov_46.167678	IS1070	39.731	297	200	5.39e-58
NODE_13_length_28530_cov_45.421889	ISRso7	31.707	369	200	9.78e-56
NODE_13_length_28530_cov_45.421889	ISKol2	32.000	350	200	8.16e-56
NODE_12_length_38609_cov_103.320617	ISAba37	58.537	164	200	9.87e-72
NODE_12_length_38609_cov_103.320617	IS1070	40.830	289	200	7.87e-57
NODE_17_length_12831_cov_88.760467	ISSth6	41.489	282	199	5.14e-57
NODE_17_length_12831_cov_88.760467	ISSmu1	41.367	278	199	7.17e-56
NODE_17_length_12831_cov_88.760467	ISCaa8	59.036	166	199	3.64e-78
NODE_13_length_28530_cov_45.421889	ISNha9	34.251	327	199	1.22e-55
NODE_3_length_459026_cov_73.862264	ISLmo6	39.007	282	198	3.61e-55
NODE_13_length_28530_cov_45.421889	ISBcen18	29.380	371	198	7.51e-55
NODE_21_length_4198_cov_46.167678	ISSau1	37.864	309	197	6.76e-57
NODE_17_length_12831_cov_88.760467	IS861	37.829	304	197	4.99e-60
NODE_13_length_28530_cov_45.421889	ISRle12	31.806	371	197	5.49e-55
NODE_13_length_28530_cov_45.421889	ISPye43	31.608	367	197	8.20e-55
NODE_13_length_28530_cov_45.421889	ISPa73	33.019	318	197	8.65e-55
NODE_13_length_28530_cov_45.421889	ISMva4	31.445	353	197	2.31e-54
NODE_13_length_28530_cov_45.421889	ISCp1	33.232	328	197	6.73e-56
NODE_11_length_55398_cov_105.972217	IS1139	38.235	340	197	3.29e-55
NODE_17_length_12831_cov_88.760467	ISStin7	39.643	280	196	2.64e-54
NODE_17_length_12831_cov_88.760467	ISLgar1	41.729	266	196	2.23e-56
NODE_17_length_12831_cov_88.760467	ISHar1	39.116	294	196	1.01e-69
NODE_17_length_12831_cov_88.760467	ISBmu6	35.475	358	196	1.80e-54
NODE_13_length_28530_cov_45.421889	ISCbo4	30.904	343	196	3.18e-54
NODE_13_length_28530_cov_45.421889	ISArsp4	32.961	358	196	4.76e-54
NODE_12_length_38609_cov_103.320617	ISLmo6	38.652	282	196	1.53e-55
NODE_11_length_55398_cov_105.972217	IS1239	37.838	333	196	3.84e-55
NODE_3_length_459026_cov_73.862264	ISWci1	50.265	189	195	2.07e-52
NODE_17_length_12831_cov_88.760467	ISSpl1	37.500	304	195	5.01e-57
NODE_17_length_12831_cov_88.760467	ISPlsp1	37.908	306	195	4.46e-54
NODE_29_length_747_cov_507.191045	ISLsa1	47.573	206	194	5.84e-62
NODE_17_length_12831_cov_88.760467	ISAba37	58.385	161	194	3.09e-70
NODE_11_length_55398_cov_105.972217	IS1480b	57.831	166	194	8.72e-74
NODE_3_length_459026_cov_73.862264	IS1139	40.060	332	193	5.04e-53
NODE_17_length_12831_cov_88.760467	ISRso11	40.794	277	192	4.89e-55
NODE_17_length_12831_cov_88.760467	ISBcen10	38.188	309	192	5.07e-53
NODE_11_length_55398_cov_105.972217	ISXo3	55.556	171	192	1.73e-54
NODE_3_length_459026_cov_73.862264	ISApl1	43.496	246	191	3.29e-62
NODE_13_length_28530_cov_45.421889	ISCARN45	31.437	334	191	1.40e-52
NODE_3_length_459026_cov_73.862264	IS1239	37.423	326	190	3.71e-52
NODE_20_length_7256_cov_314.676975	ISCaa8	50.847	177	190	2.05e-74
NODE_17_length_12831_cov_88.760467	ISFnu8	37.460	315	190	2.37e-52
NODE_13_length_28530_cov_45.421889	ISSod4	32.370	346	190	1.94e-52
NODE_13_length_28530_cov_45.421889	ISL3	38.489	278	190	5.11e-52
NODE_20_length_7256_cov_314.676975	ISAba15	55.901	161	189	1.37e-71
NODE_17_length_12831_cov_88.760467	ISBcen16	35.196	358	189	4.24e-52
NODE_13_length_28530_cov_45.421889	ISNGR8	30.978	368	189	5.59e-52
NODE_13_length_28530_cov_45.421889	ISLhe2	35.507	276	189	6.07e-57
NODE_13_length_28530_cov_45.421889	ISCARN40	28.302	371	189	3.16e-52
NODE_12_length_38609_cov_103.320617	ISAba15	62.112	161	189	1.96e-74
NODE_11_length_55398_cov_105.972217	ISStma16	58.228	158	189	3.62e-76
NODE_20_length_7256_cov_314.676975	ISCARN82	55.030	169	188	3.48e-74
NODE_20_length_7256_cov_314.676975	ISAba37	51.705	176	188	1.28e-69
NODE_13_length_28530_cov_45.421889	ISSde5	32.121	330	188	1.18e-51
NODE_13_length_28530_cov_45.421889	ISRm3	30.435	368	188	1.13e-51
NODE_11_length_55398_cov_105.972217	ISSag3	33.983	359	188	4.48e-52
NODE_17_length_12831_cov_88.760467	ISSeq3	39.716	282	187	7.16e-52
NODE_17_length_12831_cov_88.760467	ISCod1	38.628	277	187	1.10e-51
NODE_13_length_28530_cov_45.421889	ISRm3G	30.435	368	187	1.62e-51
NODE_13_length_28530_cov_45.421889	ISCni1	30.571	350	187	7.96e-52
NODE_13_length_28530_cov_45.421889	IS1356	30.618	356	187	2.94e-51
NODE_11_length_55398_cov_105.972217	ISAzo37	56.329	158	187	2.92e-74
NODE_17_length_12831_cov_88.760467	ISRme12	38.754	289	186	2.23e-61
NODE_17_length_12831_cov_88.760467	ISBcen9	36.275	306	186	1.01e-60
NODE_13_length_28530_cov_45.421889	ISGte1	31.657	338	186	1.57e-50
NODE_13_length_28530_cov_45.421889	ISCARN68	30.278	360	186	4.58e-51
NODE_13_length_28530_cov_45.421889	ISAzba8	31.609	348	186	5.39e-51
NODE_12_length_38609_cov_103.320617	IS1480b	59.873	157	186	2.24e-73
NODE_11_length_55398_cov_105.972217	ISStin9	37.273	330	186	8.26e-52
NODE_3_length_459026_cov_73.862264	ISStin2	36.556	331	185	4.10e-50
NODE_17_length_12831_cov_88.760467	ISBli34	35.065	308	185	2.89e-50
NODE_12_length_38609_cov_103.320617	ISXo3	56.886	167	185	4.21e-71
NODE_17_length_12831_cov_88.760467	ISPsy9	37.580	314	184	3.41e-50
NODE_13_length_28530_cov_45.421889	IS285	29.558	362	184	2.75e-50
NODE_11_length_55398_cov_105.972217	IS1480a	59.060	149	184	2.20e-70
NODE_20_length_7256_cov_314.676975	ISAzo37	56.522	161	183	3.94e-72
NODE_17_length_12831_cov_88.760467	ISPa79	36.656	311	183	7.80e-50
NODE_17_length_12831_cov_88.760467	ISAba15	61.379	145	183	3.82e-73
NODE_17_length_12831_cov_88.760467	ISKpn1	37.457	291	182	1.62e-49
NODE_17_length_12831_cov_88.760467	IS1397	37.124	299	182	9.98e-50
NODE_13_length_28530_cov_45.421889	ISEc58	28.453	362	182	1.12e-49
NODE_13_length_28530_cov_45.421889	ISCsp1	30.294	340	182	1.81e-49
NODE_13_length_28530_cov_45.421889	IS1113	29.581	382	182	9.27e-50
NODE_11_length_55398_cov_105.972217	ISNieu4	57.143	154	182	2.32e-73
NODE_17_length_12831_cov_88.760467	IS1480b	59.740	154	181	3.50e-72
NODE_13_length_28530_cov_45.421889	ISLjo2	33.808	281	181	6.70e-49
NODE_13_length_28530_cov_45.421889	ISBsu2	29.752	363	181	2.74e-49
NODE_20_length_7256_cov_314.676975	ISStma16	53.939	165	180	9.23e-71
NODE_13_length_28530_cov_45.421889	ISP1	35.870	276	180	9.92e-49
NODE_11_length_55398_cov_105.972217	IS1161	36.176	340	180	1.73e-49
NODE_20_length_7256_cov_314.676975	ISNieu4	56.522	161	179	2.69e-72
NODE_17_length_12831_cov_88.760467	ISXo3	56.707	164	179	1.42e-69
NODE_17_length_12831_cov_88.760467	ISSpn11	37.415	294	179	3.03e-53
NODE_17_length_12831_cov_88.760467	ISStrsp1	35.220	318	178	3.46e-48
NODE_13_length_28530_cov_45.421889	ISButh3	32.903	310	178	2.96e-48
NODE_12_length_38609_cov_103.320617	ISStma16	57.143	161	178	2.07e-72
NODE_12_length_38609_cov_103.320617	ISLmo8	56.667	150	178	1.73e-48
NODE_12_length_38609_cov_103.320617	IS1480a	58.442	154	178	2.49e-70
NODE_17_length_12831_cov_88.760467	ISMmy3	33.893	298	177	5.92e-62
NODE_17_length_12831_cov_88.760467	ISHin1	36.213	301	177	8.98e-48
NODE_3_length_459026_cov_73.862264	ISEnfa364	39.716	282	176	1.31e-56
NODE_12_length_38609_cov_103.320617	ISPp1	96.471	85	175	1.78e-48
NODE_12_length_38609_cov_103.320617	ISBce13	53.333	150	175	2.76e-47
NODE_3_length_459026_cov_73.862264	ISStin9	36.890	328	174	1.26e-46
NODE_3_length_459026_cov_73.862264	ISPsy8	48.148	189	174	4.94e-47
NODE_3_length_459026_cov_73.862264	ISCth2	35.537	363	174	3.09e-46
NODE_17_length_12831_cov_88.760467	ISLhe6	36.434	258	174	5.08e-47
NODE_3_length_459026_cov_73.862264	ISAba45	47.150	193	173	2.35e-49
NODE_3_length_459026_cov_73.862264	IS1161	37.952	332	173	4.91e-46
NODE_17_length_12831_cov_88.760467	IS1480a	58.278	151	173	3.18e-69
NODE_12_length_38609_cov_103.320617	ISNieu4	58.125	160	173	9.50e-71
NODE_12_length_38609_cov_103.320617	ISAzo37	58.000	150	173	4.21e-69
NODE_8_length_147069_cov_79.239149	ISMsp1	39.927	273	172	1.02e-44
NODE_20_length_7256_cov_314.676975	IS1480b	54.167	168	172	1.14e-48
NODE_17_length_12831_cov_88.760467	ISStma16	56.522	161	172	4.12e-71
NODE_17_length_12831_cov_88.760467	ISL6	33.333	321	172	1.86e-46
NODE_13_length_28530_cov_45.421889	ISSod5	31.437	334	172	2.23e-46
NODE_13_length_28530_cov_45.421889	ISSba9	30.195	308	172	2.22e-46
NODE_8_length_147069_cov_79.239149	ISBce1	38.321	274	171	4.98e-44
NODE_20_length_7256_cov_314.676975	ISXo3	51.786	168	171	4.52e-66
NODE_17_length_12831_cov_88.760467	IS1661	36.429	280	171	6.54e-56
NODE_8_length_147069_cov_79.239149	ISBthe2	38.403	263	169	2.83e-43
NODE_3_length_459026_cov_73.862264	ISSag3	34.043	329	169	1.32e-44
NODE_13_length_28530_cov_45.421889	ISRm5	29.060	351	169	4.19e-45
NODE_17_length_12831_cov_88.760467	ISAzo37	58.503	147	168	4.60e-68
NODE_13_length_28530_cov_45.421889	ISBlo8	29.032	341	168	1.10e-44
NODE_13_length_28530_cov_45.421889	IS2606	32.239	335	168	1.45e-44
NODE_21_length_4198_cov_46.167678	IS658	35.370	311	167	1.50e-46
NODE_17_length_12831_cov_88.760467	ISNieu4	57.962	157	167	1.77e-69
NODE_17_length_12831_cov_88.760467	ISBsu1	32.817	323	167	3.35e-45
NODE_17_length_12831_cov_88.760467	IS1223	33.333	309	167	2.78e-56
NODE_13_length_28530_cov_45.421889	ISCARN27	29.526	359	167	9.98e-45
NODE_7_length_203736_cov_80.243004	ISWco1	68.103	116	166	4.18e-84
NODE_3_length_459026_cov_73.862264	ISStma2	44.560	193	166	1.91e-44
NODE_13_length_28530_cov_45.421889	ISWpi15	30.581	327	165	1.23e-43
NODE_8_length_147069_cov_79.239149	ISBf5	36.900	271	164	1.60e-41
NODE_8_length_147069_cov_79.239149	ISBf4	37.729	273	164	1.28e-41
NODE_8_length_147069_cov_79.239149	ISBf3	38.023	263	164	1.12e-41
NODE_3_length_459026_cov_73.862264	ISStan1	34.365	323	164	2.16e-43
NODE_3_length_459026_cov_73.862264	ISBth167	46.237	186	164	1.62e-47
NODE_20_length_7256_cov_314.676975	IS1480a	53.691	149	163	6.23e-64
NODE_29_length_747_cov_507.191045	ISLmo6	42.105	228	162	2.66e-49
NODE_17_length_12831_cov_88.760467	IS1221A	35.563	284	162	1.29e-42
NODE_13_length_28530_cov_45.421889	ISCARN61	31.454	337	162	7.08e-43
NODE_13_length_28530_cov_45.421889	ISCARN59	30.473	338	162	6.70e-43
NODE_1_length_570926_cov_69.036614	ISSpy2	44.749	219	161	2.31e-42
NODE_1_length_570926_cov_69.036614	ISScr1	44.000	225	161	1.76e-42
NODE_3_length_459026_cov_73.862264	IST3091	35.662	272	160	1.50e-48
NODE_3_length_459026_cov_73.862264	ISLla3	41.837	196	160	1.62e-42
NODE_3_length_459026_cov_73.862264	ISBth10	43.523	193	160	2.20e-59
NODE_3_length_459026_cov_73.862264	ISBmu5	42.857	196	160	2.89e-42
NODE_3_length_459026_cov_73.862264	ISBcen10	42.857	196	160	1.81e-41
NODE_3_length_459026_cov_73.862264	ISTde2	32.659	346	159	6.22e-41
NODE_3_length_459026_cov_73.862264	ISApl3	45.455	187	159	1.16e-43
NODE_3_length_459026_cov_73.862264	ISApl2	45.455	187	159	1.26e-42
NODE_3_length_459026_cov_73.862264	ISEnfa3	44.086	186	157	1.80e-44
NODE_3_length_459026_cov_73.862264	ISBam1	43.684	190	157	1.40e-53
NODE_21_length_4198_cov_46.167678	IS1139	31.250	320	157	9.91e-43
NODE_3_length_459026_cov_73.862264	ISTki1	31.902	326	156	3.39e-40
NODE_3_length_459026_cov_73.862264	ISPlsp1	44.324	185	156	1.47e-40
NODE_12_length_38609_cov_103.320617	ISTki1	31.902	326	156	3.83e-41
NODE_3_length_459026_cov_73.862264	ISSpn8	33.742	326	155	2.30e-40
NODE_3_length_459026_cov_73.862264	ISHar1	44.865	185	155	8.53e-42
NODE_3_length_459026_cov_73.862264	ISBope1	42.162	185	155	3.34e-53
NODE_1_length_570926_cov_69.036614	ISSsu12	41.935	217	155	4.53e-40
NODE_17_length_12831_cov_88.760467	ISLca1	32.154	311	155	6.85e-40
NODE_3_length_459026_cov_73.862264	ISSau1	30.000	330	154	7.62e-40
NODE_3_length_459026_cov_73.862264	ISHahy9	31.498	327	154	1.62e-39
NODE_3_length_459026_cov_73.862264	ISHaha3	45.161	186	154	3.88e-48
NODE_1_length_570926_cov_69.036614	ISSa4	42.857	224	154	7.27e-40
NODE_17_length_12831_cov_88.760467	ISStin5	32.890	301	154	6.61e-41
NODE_12_length_38609_cov_103.320617	ISHahy9	31.498	327	154	2.01e-40
NODE_3_length_459026_cov_73.862264	ISEfa10	40.404	198	153	1.38e-38
NODE_3_length_459026_cov_73.862264	ISRme12	43.243	185	152	4.29e-40
NODE_3_length_459026_cov_73.862264	ISCth3	32.317	328	152	1.54e-38
NODE_3_length_459026_cov_73.862264	ISBli34	41.026	195	152	6.38e-40
NODE_3_length_459026_cov_73.862264	ISBce15	43.915	189	152	5.70e-45
NODE_12_length_38609_cov_103.320617	ISCth3	32.317	328	152	1.43e-39
NODE_3_length_459026_cov_73.862264	ISKpn8	42.328	189	151	9.82e-42
NODE_12_length_38609_cov_103.320617	ISSep2	30.523	344	151	1.02e-39
NODE_3_length_459026_cov_73.862264	ISSau1	35.036	274	150	5.99e-46
NODE_3_length_459026_cov_73.862264	IS1664	43.784	185	150	1.53e-51
NODE_1_length_570926_cov_69.036614	ISWco1	54.054	148	150	6.50e-37
NODE_3_length_459026_cov_73.862264	ISRso11	43.367	196	149	5.77e-40
NODE_3_length_459026_cov_73.862264	ISPfr16	36.071	280	149	7.36e-44
NODE_3_length_459026_cov_73.862264	ISPa79	42.703	185	149	5.55e-42
NODE_3_length_459026_cov_73.862264	ISLgar1	42.105	190	149	1.73e-39
NODE_3_length_459026_cov_73.862264	ISHahy10	33.028	327	149	1.22e-37
NODE_3_length_459026_cov_73.862264	ISBmu6	41.327	196	149	7.85e-42
NODE_17_length_12831_cov_88.760467	ISKpn38	32.119	302	149	9.79e-38
NODE_12_length_38609_cov_103.320617	ISHahy10	33.028	327	149	1.27e-38
NODE_12_length_38609_cov_103.320617	ISHaha5	28.538	424	149	2.45e-38
NODE_3_length_459026_cov_73.862264	ISBcen9	41.081	185	148	4.76e-41
NODE_3_length_459026_cov_73.862264	ISBce18	43.011	186	148	4.68e-43
NODE_17_length_12831_cov_88.760467	ISBth8	31.833	311	148	1.75e-38
NODE_12_length_38609_cov_103.320617	ISCb3	48.667	150	148	6.91e-38
NODE_3_length_459026_cov_73.862264	ISEcB1	42.703	185	147	5.86e-43
NODE_3_length_459026_cov_73.862264	ISCARN114	39.194	273	147	7.04e-45
NODE_3_length_459026_cov_73.862264	ISBcen16	41.327	196	147	1.15e-40
NODE_3_length_459026_cov_73.862264	ISBce19	43.011	186	147	7.70e-61
NODE_3_length_459026_cov_73.862264	IS150	41.753	194	147	1.32e-47
NODE_21_length_4198_cov_46.167678	ISSlu1	33.841	328	147	3.28e-39
NODE_21_length_4198_cov_46.167678	IS1161	30.218	321	147	4.44e-39
NODE_17_length_12831_cov_88.760467	ISBlo3	32.852	277	147	3.60e-39
NODE_7_length_203736_cov_80.243004	ISWco1	61.818	110	146	4.18e-84
NODE_17_length_12831_cov_88.760467	ISBmu11	31.104	299	146	6.34e-37
NODE_12_length_38609_cov_103.320617	ISMae39	35.370	311	146	5.75e-38
NODE_3_length_459026_cov_73.862264	ISHin1	42.703	185	145	7.29e-51
NODE_3_length_459026_cov_73.862264	ISHahy11	31.875	320	145	2.30e-36
NODE_21_length_4198_cov_46.167678	ISTki1	32.622	328	145	1.23e-38
NODE_12_length_38609_cov_103.320617	ISHahy11	31.875	320	145	2.27e-37
NODE_8_length_147069_cov_79.239149	ISFnu2	33.591	259	144	3.67e-35
NODE_8_length_147069_cov_79.239149	ISFnu1	34.296	277	144	2.37e-35
NODE_3_length_459026_cov_73.862264	ISYkr1	39.209	278	144	7.81e-42
NODE_3_length_459026_cov_73.862264	ISSag3	30.395	329	144	5.07e-36
NODE_29_length_747_cov_507.191045	ISSau1	38.397	237	144	1.77e-42
NODE_21_length_4198_cov_46.167678	ISStin2	28.657	335	144	2.21e-38
NODE_21_length_4198_cov_46.167678	ISPlu1	32.588	313	144	3.04e-38
NODE_21_length_4198_cov_46.167678	ISLjo1	30.650	323	144	4.68e-38
NODE_1_length_570926_cov_69.036614	ISGsp1	35.586	222	144	1.88e-36
NODE_3_length_459026_cov_73.862264	ISAhy3	37.545	277	143	3.53e-44
NODE_12_length_38609_cov_103.320617	ISSag3	30.395	329	143	8.53e-37
NODE_3_length_459026_cov_73.862264	ISLjo1	29.814	322	142	1.70e-35
NODE_3_length_459026_cov_73.862264	ISAs10	37.545	277	142	1.51e-43
NODE_21_length_4198_cov_46.167678	ISHahy11	31.307	329	142	1.89e-37
NODE_12_length_38609_cov_103.320617	ISPlu1	30.606	330	142	1.23e-36
NODE_12_length_38609_cov_103.320617	ISLjo1	29.814	322	142	1.57e-36
NODE_12_length_38609_cov_103.320617	ISLbi2	32.229	332	142	1.41e-36
NODE_3_length_459026_cov_73.862264	ISStin2	30.154	325	141	5.00e-35
NODE_3_length_459026_cov_73.862264	ISLga1	30.435	322	141	3.99e-35
NODE_3_length_459026_cov_73.862264	ISApl1	31.111	315	141	1.64e-35
NODE_21_length_4198_cov_46.167678	ISLga1	30.091	329	141	4.83e-37
NODE_12_length_38609_cov_103.320617	ISLga1	30.435	322	141	4.37e-36
NODE_12_length_38609_cov_103.320617	ISAs2	34.797	296	141	2.15e-36
NODE_3_length_459026_cov_73.862264	ISHar4	30.699	329	140	3.60e-34
NODE_3_length_459026_cov_73.862264	IS1470	37.445	227	140	1.50e-34
NODE_21_length_4198_cov_46.167678	ISCth3	31.447	318	140	1.41e-36
NODE_17_length_12831_cov_88.760467	IS1353	30.000	310	140	8.80e-35
NODE_12_length_38609_cov_103.320617	ISStin2	30.154	325	140	6.26e-36
NODE_12_length_38609_cov_103.320617	ISSau5	30.844	308	140	8.02e-36
NODE_12_length_38609_cov_103.320617	IS981	46.853	143	140	1.34e-35
NODE_12_length_38609_cov_103.320617	IS1470	37.445	227	140	1.27e-35
NODE_3_length_459026_cov_73.862264	ISPsy9	40.933	193	139	2.02e-38
NODE_3_length_459026_cov_73.862264	ISCth2	36.073	219	139	3.16e-34
NODE_3_length_459026_cov_73.862264	IS30H	38.768	276	139	2.03e-42
NODE_3_length_459026_cov_73.862264	IS1088	34.050	279	139	8.77e-44
NODE_21_length_4198_cov_46.167678	ISL7	29.429	333	139	2.18e-36
NODE_1_length_570926_cov_69.036614	ISWco1	66.355	107	139	2.51e-33
NODE_1_length_570926_cov_69.036614	ISWco1	50.336	149	139	2.12e-33
NODE_1_length_570926_cov_69.036614	ISGth1	35.135	222	139	8.62e-35
NODE_1_length_570926_cov_69.036614	ISBs1	34.685	222	139	5.48e-35
NODE_17_length_12831_cov_88.760467	ISErh1	33.106	293	139	2.20e-35
NODE_12_length_38609_cov_103.320617	ISHar4	30.699	329	139	4.79e-35
NODE_8_length_147069_cov_79.239149	ISClbu1	34.470	264	138	6.24e-33
NODE_7_length_203736_cov_80.243004	ISSth1b	30.328	366	138	5.82e-38
NODE_3_length_459026_cov_73.862264	ISSpn4	40.107	187	138	2.41e-38
NODE_3_length_459026_cov_73.862264	ISHar4	32.971	276	138	5.99e-42
NODE_3_length_459026_cov_73.862264	ISAeca1	32.374	278	138	2.48e-34
NODE_21_length_4198_cov_46.167678	ISHahy10	30.699	329	138	4.98e-36
NODE_12_length_38609_cov_103.320617	ISHahy8	28.875	329	138	6.37e-35
NODE_12_length_38609_cov_103.320617	ISCth2	35.616	219	138	1.05e-34
NODE_12_length_38609_cov_103.320617	ISAeca1	32.374	278	138	2.63e-35
NODE_7_length_203736_cov_80.243004	ISWco1	49.677	155	137	6.00e-33
NODE_3_length_459026_cov_73.862264	IS1139	31.627	332	137	1.44e-33
NODE_2_length_481826_cov_79.848527	ISSth1b	30.573	314	137	3.73e-32
NODE_21_length_4198_cov_46.167678	ISStin9	32.390	318	137	5.74e-36
NODE_17_length_12831_cov_88.760467	ISEnfa5	31.579	285	137	8.49e-41
NODE_17_length_12831_cov_88.760467	ISBt2	32.862	283	137	8.46e-35
NODE_3_length_459026_cov_73.862264	ISSth6	40.426	188	136	1.41e-37
NODE_3_length_459026_cov_73.862264	IS1161	36.765	204	136	2.71e-33
NODE_12_length_38609_cov_103.320617	IS1139	31.627	332	136	1.60e-34
NODE_3_length_459026_cov_73.862264	ISSmu1	39.572	187	135	1.24e-37
NODE_3_length_459026_cov_73.862264	ISPsme1	35.793	271	135	1.85e-44
NODE_3_length_459026_cov_73.862264	ISFnu8	41.489	188	135	4.54e-37
NODE_3_length_459026_cov_73.862264	IS861	39.894	188	135	4.42e-39
NODE_3_length_459026_cov_73.862264	IS30D	38.182	275	135	8.73e-41
NODE_3_length_459026_cov_73.862264	IS30	38.182	275	135	8.73e-41
NODE_3_length_459026_cov_73.862264	IS1382	31.022	274	135	1.24e-41
NODE_29_length_747_cov_507.191045	IS1070	36.910	233	135	2.96e-39
NODE_12_length_38609_cov_103.320617	IS4351	32.550	298	135	2.34e-34
NODE_12_length_38609_cov_103.320617	IS1161	36.765	204	135	3.52e-34
NODE_12_length_38609_cov_103.320617	IS1112b	33.010	309	135	2.25e-34
NODE_3_length_459026_cov_73.862264	ISPsp8	33.574	277	134	1.59e-39
NODE_3_length_459026_cov_73.862264	ISL7	30.960	323	134	1.74e-32
NODE_3_length_459026_cov_73.862264	ISFnu6	40.426	188	134	1.33e-40
NODE_21_length_4198_cov_46.167678	ISVsa7	28.758	306	134	7.66e-35
NODE_21_length_4198_cov_46.167678	ISStan1	31.230	317	134	6.68e-35
NODE_21_length_4198_cov_46.167678	ISSag3	28.614	332	134	1.17e-34
NODE_12_length_38609_cov_103.320617	ISL7	30.960	323	134	1.52e-33
NODE_3_length_459026_cov_73.862264	ISRme10	32.624	282	133	3.93e-37
NODE_3_length_459026_cov_73.862264	ISGau8	35.587	281	133	5.84e-40
NODE_21_length_4198_cov_46.167678	ISHahy9	31.447	318	133	2.13e-34
NODE_12_length_38609_cov_103.320617	IS1112a	32.877	292	133	1.69e-33
NODE_3_length_459026_cov_73.862264	ISPsp7	33.935	277	132	5.72e-39
NODE_3_length_459026_cov_73.862264	ISAba125	33.735	249	132	4.94e-39
NODE_1_length_570926_cov_69.036614	ISSmu5	38.693	199	132	3.60e-32
NODE_12_length_38609_cov_103.320617	ISSde3	32.095	296	132	1.68e-33
NODE_12_length_38609_cov_103.320617	IS1112	33.010	309	132	3.41e-33
NODE_11_length_55398_cov_105.972217	ISAzo36	42.775	173	132	7.51e-56
NODE_3_length_459026_cov_73.862264	IS1394	33.574	277	131	1.21e-39
NODE_21_length_4198_cov_46.167678	ISAs10	30.462	325	131	2.52e-33
NODE_1_length_570926_cov_69.036614	ISLpl4	38.693	199	131	3.81e-32
NODE_7_length_203736_cov_80.243004	ISLsa2	60.748	107	130	3.60e-58
NODE_3_length_459026_cov_73.862264	ISPfl2	32.852	277	130	2.55e-38
NODE_3_length_459026_cov_73.862264	ISLpl1	29.969	327	130	1.54e-31
NODE_3_length_459026_cov_73.862264	IS658	29.787	329	130	1.17e-31
NODE_21_length_4198_cov_46.167678	ISSpn8	31.429	315	130	1.16e-33
NODE_21_length_4198_cov_46.167678	ISAeca1	29.560	318	130	9.85e-34
NODE_21_length_4198_cov_46.167678	IS1239	30.671	313	130	1.23e-33
NODE_3_length_459026_cov_73.862264	ISAeca1	38.306	248	129	1.40e-37
NODE_29_length_747_cov_507.191045	IS658	35.021	237	129	1.79e-36
NODE_21_length_4198_cov_46.167678	ISPsme1	30.573	314	129	2.88e-33
NODE_20_length_7256_cov_314.676975	ISAzo36	42.623	183	129	3.48e-51
NODE_3_length_459026_cov_73.862264	ISPsp4	33.213	277	128	1.33e-37
NODE_3_length_459026_cov_73.862264	ISLmo6	30.030	333	128	5.24e-31
NODE_3_length_459026_cov_73.862264	ISCmi3	33.700	273	128	1.25e-38
NODE_12_length_38609_cov_103.320617	ISSba17	29.966	297	128	7.30e-32
NODE_12_length_38609_cov_103.320617	ISSba10	30.303	297	128	4.54e-32
NODE_3_length_459026_cov_73.862264	ISHar5	33.333	276	127	7.95e-39
NODE_21_length_4198_cov_46.167678	ISSau5	29.874	318	127	1.67e-32
NODE_20_length_7256_cov_314.676975	ISRl2	36.207	174	127	6.16e-41
NODE_17_length_12831_cov_88.760467	IS1031D	40.506	158	127	7.34e-40
NODE_17_length_12831_cov_88.760467	IS1031C	40.506	158	127	8.81e-40
NODE_12_length_38609_cov_103.320617	ISAzo36	44.633	177	127	1.73e-54
NODE_12_length_38609_cov_103.320617	IS1088	33.548	310	127	2.45e-31
NODE_11_length_55398_cov_105.972217	ISRl2	40.123	162	127	7.07e-41
NODE_3_length_459026_cov_73.862264	IS658	34.191	272	126	7.49e-38
NODE_2_length_481826_cov_79.848527	ISSau2	31.783	258	126	1.24e-52
NODE_21_length_4198_cov_46.167678	IS4351	28.037	321	126	3.55e-32
NODE_21_length_4198_cov_46.167678	IS1112b	32.268	313	126	3.64e-32
NODE_12_length_38609_cov_103.320617	IS1031D	39.873	158	126	5.69e-39
NODE_12_length_38609_cov_103.320617	IS1031C	39.873	158	126	5.42e-39
NODE_3_length_459026_cov_73.862264	ISBlo4	33.214	280	125	1.27e-37
NODE_3_length_459026_cov_73.862264	IS1086	32.852	277	125	4.75e-38
NODE_21_length_4198_cov_46.167678	ISSba10	29.245	318	125	5.36e-32
NODE_21_length_4198_cov_46.167678	ISAs2	28.840	319	125	6.99e-32
NODE_21_length_4198_cov_46.167678	ISAhy3	29.538	325	125	1.95e-31
NODE_21_length_4198_cov_46.167678	IS1470	28.746	327	125	1.41e-31
NODE_21_length_4198_cov_46.167678	IS1112	32.698	315	125	4.07e-32
NODE_20_length_7256_cov_314.676975	ISRtr3	37.714	175	125	1.46e-36
NODE_12_length_38609_cov_103.320617	ISApl1	31.849	292	125	3.54e-31
NODE_12_length_38609_cov_103.320617	IS1239	35.088	228	125	6.86e-31
NODE_11_length_55398_cov_105.972217	ISRm15	38.650	163	125	5.47e-39
NODE_11_length_55398_cov_105.972217	IS1031D	38.608	158	125	3.08e-40
NODE_11_length_55398_cov_105.972217	IS1031C	38.608	158	125	7.65e-40
NODE_5_length_409614_cov_76.635491	ISCac2	36.994	173	124	4.85e-31
NODE_21_length_4198_cov_46.167678	ISPpu17	30.225	311	124	1.14e-31
NODE_21_length_4198_cov_46.167678	IS1655	32.188	320	124	1.03e-31
NODE_21_length_4198_cov_46.167678	IS1112a	32.792	308	124	2.04e-31
NODE_20_length_7256_cov_314.676975	IS1031D	37.572	173	124	6.49e-37
NODE_20_length_7256_cov_314.676975	IS1031C	37.572	173	124	8.53e-37
NODE_11_length_55398_cov_105.972217	IS1031A	37.975	158	124	1.90e-38
NODE_20_length_7256_cov_314.676975	IS1031A	37.572	173	123	4.03e-36
NODE_21_length_4198_cov_46.167678	ISErh4	32.407	216	122	8.72e-31
NODE_20_length_7256_cov_314.676975	ISRhru6	41.104	163	122	5.94e-36
NODE_20_length_7256_cov_314.676975	ISGdi1	36.994	173	122	4.27e-36
NODE_17_length_12831_cov_88.760467	ISRm15	38.608	158	122	4.86e-40
NODE_17_length_12831_cov_88.760467	ISRl2	39.241	158	122	2.28e-41
NODE_17_length_12831_cov_88.760467	ISGdi1	37.975	158	122	5.05e-38
NODE_17_length_12831_cov_88.760467	IS1031A	38.608	158	122	1.06e-37
NODE_11_length_55398_cov_105.972217	ISGdi1	37.342	158	122	1.56e-38
NODE_21_length_4198_cov_46.167678	ISErh2	32.883	222	121	9.86e-31
NODE_17_length_12831_cov_88.760467	ISAzo36	44.253	174	121	4.24e-53
NODE_12_length_38609_cov_103.320617	ISRm15	37.975	158	121	3.04e-39
NODE_12_length_38609_cov_103.320617	ISRl2	38.608	158	121	1.68e-40
NODE_12_length_38609_cov_103.320617	IS1031A	37.975	158	121	8.09e-37
NODE_3_length_459026_cov_73.862264	ISLmo6	33.094	278	120	8.63e-37
NODE_20_length_7256_cov_314.676975	ISPye10	36.000	175	120	1.19e-37
NODE_12_length_38609_cov_103.320617	ISGdi1	37.342	158	120	3.91e-37
NODE_11_length_55398_cov_105.972217	ISRm4	38.272	162	120	4.44e-36
NODE_3_length_459026_cov_73.862264	ISPpu17	34.799	273	119	3.40e-39
NODE_20_length_7256_cov_314.676975	ISRm15	37.821	156	119	6.66e-37
NODE_17_length_12831_cov_88.760467	ISRel20	37.342	158	119	3.14e-36
NODE_11_length_55398_cov_105.972217	ISRtr3	37.423	163	119	1.67e-34
NODE_11_length_55398_cov_105.972217	ISRm4-3	38.272	162	119	8.96e-36
NODE_7_length_203736_cov_80.243004	ISLsa2	51.695	118	118	3.60e-58
NODE_20_length_7256_cov_314.676975	ISRtr4	35.227	176	118	1.36e-36
NODE_17_length_12831_cov_88.760467	ISRtr3	37.736	159	118	1.14e-36
NODE_11_length_55398_cov_105.972217	ISStma16	54.545	99	118	3.62e-76
NODE_11_length_55398_cov_105.972217	ISMtsp20	37.342	158	118	1.20e-32
NODE_11_length_55398_cov_105.972217	ISAli1	39.241	158	118	2.77e-37
NODE_3_length_459026_cov_73.862264	ISL6	35.829	187	117	3.99e-37
NODE_20_length_7256_cov_314.676975	ISRm4-3	35.057	174	117	2.63e-35
NODE_20_length_7256_cov_314.676975	ISRm4-1	38.065	155	117	6.15e-36
NODE_20_length_7256_cov_314.676975	ISRm4	35.057	174	117	2.87e-35
NODE_12_length_38609_cov_103.320617	ISRtr3	37.107	159	117	7.97e-36
NODE_12_length_38609_cov_103.320617	ISRel20	36.709	158	117	2.89e-35
NODE_11_length_55398_cov_105.972217	ISGdi3	39.873	158	117	5.14e-37
NODE_20_length_7256_cov_314.676975	IS5Sa2	39.247	186	116	3.26e-34
NODE_12_length_38609_cov_103.320617	ISStma16	66.197	71	116	2.07e-72
NODE_11_length_55398_cov_105.972217	ISRtr4	36.970	165	116	4.69e-37
NODE_11_length_55398_cov_105.972217	ISRel20	36.585	164	116	8.12e-34
NODE_11_length_55398_cov_105.972217	ISAzs28	40.252	159	116	1.41e-33
NODE_11_length_55398_cov_105.972217	IS5Sa2	45.395	152	116	2.66e-37
NODE_20_length_7256_cov_314.676975	ISRel20	34.682	173	115	2.00e-31
NODE_20_length_7256_cov_314.676975	ISMtsp20	37.179	156	115	1.71e-31
NODE_17_length_12831_cov_88.760467	ISStma16	66.197	71	115	4.12e-71
NODE_17_length_12831_cov_88.760467	ISRm4-3	37.342	158	115	9.09e-37
NODE_17_length_12831_cov_88.760467	ISRm4	37.342	158	115	8.30e-37
NODE_17_length_12831_cov_88.760467	ISPye10	37.736	159	115	1.35e-39
NODE_17_length_12831_cov_88.760467	ISNieu4	63.380	71	115	1.77e-69
NODE_17_length_12831_cov_88.760467	ISMtsp20	37.342	158	115	9.82e-34
NODE_17_length_12831_cov_88.760467	ISGdi3	39.873	158	115	1.18e-37
NODE_12_length_38609_cov_103.320617	ISNieu4	63.380	71	115	9.50e-71
NODE_11_length_55398_cov_105.972217	ISPye10	36.686	169	115	3.29e-38
NODE_11_length_55398_cov_105.972217	ISNieu4	58.621	87	115	2.32e-73
NODE_2_length_481826_cov_79.848527	ISEnfa5	29.907	321	114	5.40e-47
NODE_20_length_7256_cov_314.676975	ISMac15	38.372	172	114	3.65e-36
NODE_20_length_7256_cov_314.676975	ISGdi3	37.195	164	114	4.92e-35
NODE_12_length_38609_cov_103.320617	ISRm4-3	36.709	158	114	6.27e-36
NODE_12_length_38609_cov_103.320617	ISRm4	36.709	158	114	6.12e-36
NODE_12_length_38609_cov_103.320617	ISPye10	37.107	159	114	1.09e-38
NODE_11_length_55398_cov_105.972217	ISAzo37	60.465	86	114	2.92e-74
NODE_11_length_55398_cov_105.972217	IS1032	39.241	158	114	2.87e-36
NODE_20_length_7256_cov_314.676975	ISAli1	34.682	173	113	5.43e-35
NODE_17_length_12831_cov_88.760467	ISRtr4	36.875	160	113	2.12e-37
NODE_12_length_38609_cov_103.320617	ISMtsp20	36.709	158	113	7.04e-33
NODE_12_length_38609_cov_103.320617	ISGdi3	39.241	158	113	8.57e-37
NODE_11_length_55398_cov_105.972217	ISRhru6	39.634	164	113	1.20e-36
NODE_11_length_55398_cov_105.972217	ISEc61	38.182	165	113	1.82e-31
NODE_11_length_55398_cov_105.972217	ISCaa8	51.648	91	113	2.37e-81
NODE_20_length_7256_cov_314.676975	ISNieu4	56.122	98	112	2.69e-72
NODE_17_length_12831_cov_88.760467	ISCaa8	62.667	75	112	3.64e-78
NODE_17_length_12831_cov_88.760467	IS1032	39.241	158	112	5.92e-37
NODE_12_length_38609_cov_103.320617	ISRtr4	36.250	160	112	1.15e-36
NODE_12_length_38609_cov_103.320617	ISCaa8	62.667	75	112	2.20e-80
NODE_12_length_38609_cov_103.320617	ISAba15	64.789	71	112	1.96e-74
NODE_11_length_55398_cov_105.972217	ISRm4-1	37.908	153	112	3.28e-34
NODE_11_length_55398_cov_105.972217	ISAba15	60.465	86	112	1.07e-78
NODE_17_length_12831_cov_88.760467	ISAba15	64.789	71	111	3.82e-73
NODE_12_length_38609_cov_103.320617	IS1032	38.608	158	111	4.78e-36
NODE_11_length_55398_cov_105.972217	ISGdi2	39.241	158	111	9.98e-36
NODE_11_length_55398_cov_105.972217	IS12528	38.854	157	111	3.80e-36
NODE_20_length_7256_cov_314.676975	ISMdi21	37.288	177	110	2.00e-32
NODE_17_length_12831_cov_88.760467	ISAli1	39.456	147	110	3.04e-35
NODE_17_length_12831_cov_88.760467	IS1480b	63.380	71	110	3.50e-72
NODE_12_length_38609_cov_103.320617	IS1480b	63.380	71	110	2.24e-73
NODE_20_length_7256_cov_314.676975	IS1032	35.897	156	109	1.50e-33
NODE_1_length_570926_cov_69.036614	ISLsa2	46.207	145	109	1.72e-60
NODE_17_length_12831_cov_88.760467	ISAzo37	63.768	69	109	4.60e-68
NODE_12_length_38609_cov_103.320617	ISAzo37	63.768	69	109	4.21e-69
NODE_20_length_7256_cov_314.676975	ISCaa8	53.846	91	108	2.05e-74
NODE_20_length_7256_cov_314.676975	ISCARN82	59.302	86	108	3.48e-74
NODE_17_length_12831_cov_88.760467	ISCARN82	65.278	72	108	1.49e-77
NODE_17_length_12831_cov_88.760467	IS1480a	61.972	71	108	3.18e-69
NODE_12_length_38609_cov_103.320617	ISGdi2	38.462	156	108	6.02e-35
NODE_12_length_38609_cov_103.320617	ISCARN82	65.278	72	108	1.09e-79
NODE_12_length_38609_cov_103.320617	ISAli1	38.776	147	108	3.89e-34
NODE_12_length_38609_cov_103.320617	IS1480a	61.972	71	108	2.49e-70
NODE_20_length_7256_cov_314.676975	ISAzo37	58.140	86	107	3.94e-72
NODE_20_length_7256_cov_314.676975	ISAcma9	37.143	175	107	7.02e-35
NODE_11_length_55398_cov_105.972217	ISMdi21	39.610	154	107	1.24e-34
NODE_11_length_55398_cov_105.972217	ISAzo36	58.140	86	107	7.51e-56
NODE_11_length_55398_cov_105.972217	IS1355	38.816	152	107	1.47e-33
NODE_20_length_7256_cov_314.676975	ISStma16	55.556	90	106	9.23e-71
NODE_17_length_12831_cov_88.760467	ISLsa2	37.126	167	106	8.85e-102
NODE_17_length_12831_cov_88.760467	ISAzo36	61.972	71	106	4.24e-53
NODE_12_length_38609_cov_103.320617	ISRm4-1	35.294	153	106	1.81e-32
NODE_12_length_38609_cov_103.320617	ISAzo36	61.972	71	106	1.73e-54
NODE_20_length_7256_cov_314.676975	ISAcma5	37.143	175	105	2.36e-34
NODE_17_length_12831_cov_88.760467	ISMdi21	40.645	155	105	1.49e-35
NODE_17_length_12831_cov_88.760467	ISGdi2	38.562	153	105	1.12e-34
NODE_11_length_55398_cov_105.972217	ISMac15	36.076	158	105	1.52e-34
NODE_17_length_12831_cov_88.760467	ISRhru6	39.073	151	104	3.14e-34
NODE_12_length_38609_cov_103.320617	ISXo3	58.667	75	104	4.21e-71
NODE_12_length_38609_cov_103.320617	ISMdi21	38.125	160	104	5.97e-35
NODE_11_length_55398_cov_105.972217	ISRso1	36.810	163	104	2.75e-32
NODE_11_length_55398_cov_105.972217	IS1480b	55.682	88	104	8.72e-74
NODE_7_length_203736_cov_80.243004	ISEfa10	46.847	111	103	2.62e-36
NODE_17_length_12831_cov_88.760467	ISXo3	60.563	71	103	1.42e-69
NODE_12_length_38609_cov_103.320617	ISRhru6	38.411	151	103	1.90e-33
NODE_12_length_38609_cov_103.320617	IS12528	34.118	170	103	4.74e-32
NODE_11_length_55398_cov_105.972217	IS1480a	55.682	88	103	2.20e-70
NODE_2_length_481826_cov_79.848527	ISSau2	40.426	141	102	1.24e-52
NODE_20_length_7256_cov_314.676975	IS5Sb	33.136	169	102	1.80e-35
NODE_20_length_7256_cov_314.676975	IS5Sa	33.136	169	102	1.08e-35
NODE_12_length_38609_cov_103.320617	ISRso1	35.404	161	102	8.95e-33
NODE_7_length_203736_cov_80.243004	ISWci1	47.458	118	101	1.06e-41
NODE_20_length_7256_cov_314.676975	ISAcma20	35.882	170	101	1.31e-35
NODE_11_length_55398_cov_105.972217	ISCARN82	54.651	86	101	6.48e-82
NODE_7_length_203736_cov_80.243004	ISBth10	48.113	106	100	1.08e-39
NODE_20_length_7256_cov_314.676975	ISFal3B	38.854	157	100	6.34e-31
NODE_20_length_7256_cov_314.676975	ISAba15	57.143	84	100	1.37e-71
NODE_20_length_7256_cov_314.676975	IS1480a	54.651	86	100	6.23e-64
NODE_11_length_55398_cov_105.972217	ISMtsp14	37.086	151	99.8	4.15e-31
NODE_7_length_203736_cov_80.243004	ISBce19	50.962	104	99.0	2.87e-42
NODE_20_length_7256_cov_314.676975	ISXo3	54.118	85	99.0	4.52e-66
NODE_7_length_203736_cov_80.243004	ISBce18	49.524	105	98.2	6.03e-38
NODE_7_length_203736_cov_80.243004	ISLla3	42.727	110	97.8	2.41e-41
NODE_20_length_7256_cov_314.676975	ISAcma43	34.807	181	97.8	8.56e-34
NODE_12_length_38609_cov_103.320617	ISMac15	37.662	154	95.5	3.43e-32
NODE_7_length_203736_cov_80.243004	ISLla3	43.925	107	95.1	2.41e-41
NODE_7_length_203736_cov_80.243004	ISBam1	47.475	99	95.1	5.77e-41
NODE_20_length_7256_cov_314.676975	ISAba37	52.874	87	94.4	1.28e-69
NODE_11_length_55398_cov_105.972217	ISAva7	36.527	167	94.0	7.67e-33
NODE_11_length_55398_cov_105.972217	ISAcma9	36.047	172	94.0	1.71e-33
NODE_17_length_12831_cov_88.760467	ISAcma20	36.601	153	93.2	2.07e-34
NODE_7_length_203736_cov_80.243004	ISEcB1	50.549	91	92.8	5.64e-38
NODE_7_length_203736_cov_80.243004	ISWci1	43.810	105	92.4	1.06e-41
NODE_11_length_55398_cov_105.972217	ISAcma5	39.073	151	92.4	1.23e-33
NODE_20_length_7256_cov_314.676975	ISAzo36	51.163	86	92.0	3.48e-51
NODE_12_length_38609_cov_103.320617	ISAcma20	36.095	169	92.0	1.03e-33
NODE_12_length_38609_cov_103.320617	ISAba37	50.649	77	91.7	9.87e-72
NODE_17_length_12831_cov_88.760467	ISAba37	50.649	77	90.9	3.09e-70
NODE_7_length_203736_cov_80.243004	ISMmy3	41.905	105	89.4	1.75e-36
NODE_7_length_203736_cov_80.243004	ISEcB1	46.535	101	88.6	5.64e-38
NODE_1_length_570926_cov_69.036614	IS1664	51.163	86	88.6	1.02e-39
NODE_1_length_570926_cov_69.036614	ISLsa2	54.545	77	88.2	1.72e-60
NODE_11_length_55398_cov_105.972217	ISAcma43	35.185	162	88.2	7.54e-32
NODE_7_length_203736_cov_80.243004	ISHin1	42.991	107	87.8	3.40e-38
NODE_17_length_12831_cov_88.760467	ISHar1	32.955	176	87.4	1.01e-69
NODE_7_length_203736_cov_80.243004	ISMmy3	40.566	106	87.0	1.75e-36
NODE_7_length_203736_cov_80.243004	ISBth10	38.835	103	87.0	1.08e-39
NODE_1_length_570926_cov_69.036614	ISFnu6	41.600	125	87.0	4.09e-36
NODE_1_length_570926_cov_69.036614	ISBam1	48.352	91	87.0	2.82e-43
NODE_12_length_38609_cov_103.320617	IS5Sb	33.974	156	87.0	5.15e-32
NODE_12_length_38609_cov_103.320617	IS5Sa	33.974	156	87.0	4.94e-32
NODE_1_length_570926_cov_69.036614	ISEcB1	53.488	86	86.3	4.04e-43
NODE_7_length_203736_cov_80.243004	ISBam1	46.667	105	85.9	5.77e-41
NODE_2_length_481826_cov_79.848527	ISEnfa5	38.356	146	84.7	5.40e-47
NODE_7_length_203736_cov_80.243004	ISBce19	39.655	116	83.6	2.87e-42
NODE_1_length_570926_cov_69.036614	ISBce19	37.500	160	83.6	9.36e-42
NODE_7_length_203736_cov_80.243004	ISBce18	38.261	115	83.2	6.03e-38
NODE_1_length_570926_cov_69.036614	ISApl3	47.674	86	82.8	5.45e-40
NODE_1_length_570926_cov_69.036614	ISStma2	44.086	93	82.4	1.99e-34
NODE_1_length_570926_cov_69.036614	ISLsa2	39.167	120	81.6	1.72e-60
NODE_1_length_570926_cov_69.036614	ISBth10	40.152	132	81.6	3.23e-40
NODE_1_length_570926_cov_69.036614	IS150	46.067	89	81.6	9.16e-33
NODE_1_length_570926_cov_69.036614	ISBam1	40.690	145	80.9	2.82e-43
NODE_1_length_570926_cov_69.036614	ISApl2	46.512	86	80.5	5.93e-39
NODE_17_length_12831_cov_88.760467	ISMmy3	27.879	165	80.5	5.92e-62
NODE_1_length_570926_cov_69.036614	ISMmy3	43.617	94	80.1	5.16e-46
NODE_1_length_570926_cov_69.036614	ISPsy8	48.837	86	79.7	3.94e-35
NODE_1_length_570926_cov_69.036614	ISHar1	44.681	94	79.7	2.86e-40
NODE_1_length_570926_cov_69.036614	ISAba45	48.837	86	79.3	9.25e-41
NODE_17_length_12831_cov_88.760467	ISBam1	33.533	167	79.0	6.05e-69
NODE_1_length_570926_cov_69.036614	ISHin1	47.674	86	78.6	1.97e-39
NODE_3_length_459026_cov_73.862264	ISBce19	34.884	129	78.2	7.70e-61
NODE_1_length_570926_cov_69.036614	ISBce18	41.353	133	78.2	2.71e-42
NODE_1_length_570926_cov_69.036614	ISBmu5	45.556	90	77.8	4.15e-39
NODE_1_length_570926_cov_69.036614	ISFnu8	39.286	140	77.4	1.14e-33
NODE_1_length_570926_cov_69.036614	ISBth10	40.860	93	77.4	3.23e-40
NODE_1_length_570926_cov_69.036614	ISBcen10	45.745	94	77.4	8.04e-40
NODE_1_length_570926_cov_69.036614	ISAba45	41.463	123	77.4	9.25e-41
NODE_1_length_570926_cov_69.036614	ISRme12	43.333	90	75.5	7.35e-38
NODE_1_length_570926_cov_69.036614	ISFnu8	45.455	88	75.5	1.14e-33
NODE_7_length_203736_cov_80.243004	ISHin1	37.736	106	75.1	3.40e-38
NODE_1_length_570926_cov_69.036614	ISHaha3	38.889	144	75.1	5.41e-37
NODE_1_length_570926_cov_69.036614	ISBce19	44.086	93	74.7	9.36e-42
NODE_17_length_12831_cov_88.760467	ISAba45	29.240	171	74.7	4.31e-73
NODE_1_length_570926_cov_69.036614	ISFnu6	44.318	88	73.9	4.09e-36
NODE_3_length_459026_cov_73.862264	ISSlu1	58.333	60	73.2	3.29e-68
NODE_1_length_570926_cov_69.036614	ISBmu6	43.617	94	73.2	1.06e-42
NODE_1_length_570926_cov_69.036614	IS1296	34.091	132	73.2	1.12e-33
NODE_1_length_570926_cov_69.036614	IS1296	42.529	87	72.8	1.12e-33
NODE_12_length_38609_cov_103.320617	ISAcma20	41.176	68	72.8	1.03e-33
NODE_11_length_55398_cov_105.972217	ISAcma5	43.662	71	72.8	1.23e-33
NODE_1_length_570926_cov_69.036614	ISPsy9	40.860	93	72.4	5.43e-33
NODE_1_length_570926_cov_69.036614	ISEcB1	35.971	139	72.4	4.04e-43
NODE_1_length_570926_cov_69.036614	IS1664	38.400	125	72.4	1.02e-39
NODE_17_length_12831_cov_88.760467	ISAcma20	41.176	68	72.4	2.07e-34
NODE_12_length_38609_cov_103.320617	IS5Sa	42.647	68	72.4	4.94e-32
NODE_7_length_203736_cov_80.243004	ISEfa10	33.043	115	72.0	2.62e-36
NODE_17_length_12831_cov_88.760467	IS1296	33.889	180	72.0	1.36e-69
NODE_12_length_38609_cov_103.320617	IS5Sb	42.647	68	72.0	5.15e-32
NODE_3_length_459026_cov_73.862264	ISApl1	58.333	60	71.6	3.29e-62
NODE_1_length_570926_cov_69.036614	ISPa79	44.186	86	71.6	8.94e-34
NODE_17_length_12831_cov_88.760467	IS1223	34.911	169	71.6	2.78e-56
NODE_1_length_570926_cov_69.036614	ISBcen16	42.553	94	70.9	2.07e-41
NODE_11_length_55398_cov_105.972217	ISAcma43	42.647	68	70.9	7.54e-32
NODE_1_length_570926_cov_69.036614	ISBce18	41.935	93	70.5	2.71e-42
NODE_11_length_55398_cov_105.972217	ISAcma9	42.254	71	70.5	1.71e-33
NODE_17_length_12831_cov_88.760467	ISRme12	29.885	174	69.7	2.23e-61
NODE_3_length_459026_cov_73.862264	ISPsme1	55.000	60	69.3	1.85e-44
NODE_3_length_459026_cov_73.862264	ISEnfa364	58.333	60	68.9	1.31e-56
NODE_17_length_12831_cov_88.760467	ISEcB1	28.070	171	68.9	4.92e-66
NODE_11_length_55398_cov_105.972217	ISAva7	36.709	79	68.6	7.67e-33
NODE_3_length_459026_cov_73.862264	ISPpu17	55.000	60	67.8	3.40e-39
NODE_20_length_7256_cov_314.676975	ISAcma20	41.429	70	67.8	1.31e-35
NODE_1_length_570926_cov_69.036614	ISBcen16	35.766	137	67.8	2.07e-41
NODE_12_length_38609_cov_103.320617	ISPye10	40.845	71	67.8	1.09e-38
NODE_17_length_12831_cov_88.760467	ISPye10	40.845	71	67.4	1.35e-39
NODE_20_length_7256_cov_314.676975	IS5Sa	44.118	68	66.6	1.08e-35
NODE_1_length_570926_cov_69.036614	ISBmu6	34.307	137	66.6	1.06e-42
NODE_17_length_12831_cov_88.760467	ISBcen9	27.485	171	66.6	1.01e-60
NODE_17_length_12831_cov_88.760467	ISRl2	44.118	68	66.2	2.28e-41
NODE_12_length_38609_cov_103.320617	ISRl2	44.118	68	66.2	1.68e-40
NODE_20_length_7256_cov_314.676975	IS5Sb	44.118	68	65.9	1.80e-35
NODE_17_length_12831_cov_88.760467	IS1661	26.316	190	65.9	6.54e-56
NODE_3_length_459026_cov_73.862264	ISHin1	30.000	110	65.5	7.29e-51
NODE_20_length_7256_cov_314.676975	ISAcma43	38.889	72	65.1	8.56e-34
NODE_11_length_55398_cov_105.972217	ISPye10	36.364	77	65.1	3.29e-38
NODE_12_length_38609_cov_103.320617	ISMdi21	36.232	69	64.3	5.97e-35
NODE_12_length_38609_cov_103.320617	ISMac15	36.232	69	64.3	3.43e-32
NODE_17_length_12831_cov_88.760467	ISMdi21	36.232	69	63.9	1.49e-35
NODE_1_length_570926_cov_69.036614	ISPa79	36.184	152	63.5	8.94e-34
NODE_3_length_459026_cov_73.862264	IS1088	51.613	62	63.2	8.77e-44
NODE_1_length_570926_cov_69.036614	ISHaha3	39.535	86	63.2	5.41e-37
NODE_1_length_570926_cov_69.036614	ISHar1	36.641	131	62.8	2.86e-40
NODE_12_length_38609_cov_103.320617	ISRtr4	42.647	68	62.8	1.15e-36
NODE_11_length_55398_cov_105.972217	ISMac15	38.028	71	62.8	1.52e-34
NODE_3_length_459026_cov_73.862264	ISBth10	37.719	114	62.4	2.20e-59
NODE_17_length_12831_cov_88.760467	ISRtr4	42.647	68	62.4	2.12e-37
NODE_1_length_570926_cov_69.036614	IS150	35.606	132	62.0	9.16e-33
NODE_17_length_12831_cov_88.760467	ISRm15	40.000	70	62.0	4.86e-40
NODE_17_length_12831_cov_88.760467	ISPsy8	28.824	170	62.0	5.65e-67
NODE_11_length_55398_cov_105.972217	ISRl2	40.845	71	62.0	7.07e-41
NODE_11_length_55398_cov_105.972217	IS12528	40.909	66	62.0	3.80e-36
NODE_17_length_12831_cov_88.760467	ISGdi3	37.681	69	61.6	1.18e-37
NODE_12_length_38609_cov_103.320617	ISRm15	38.889	72	61.6	3.04e-39
NODE_12_length_38609_cov_103.320617	ISGdi3	37.681	69	61.6	8.57e-37
NODE_12_length_38609_cov_103.320617	IS1032	37.681	69	61.6	4.78e-36
NODE_11_length_55398_cov_105.972217	ISRhru6	38.571	70	61.6	1.20e-36
NODE_11_length_55398_cov_105.972217	IS1031D	32.927	82	61.6	3.08e-40
NODE_17_length_12831_cov_88.760467	IS1032	37.681	69	61.2	5.92e-37
NODE_11_length_55398_cov_105.972217	IS5Sa2	34.118	85	61.2	2.66e-37
NODE_1_length_570926_cov_69.036614	ISMmy3	32.374	139	60.8	5.16e-46
NODE_11_length_55398_cov_105.972217	ISMdi21	32.468	77	60.8	1.24e-34
NODE_17_length_12831_cov_88.760467	ISGdi2	35.294	68	60.5	1.12e-34
NODE_12_length_38609_cov_103.320617	ISRhru6	36.765	68	60.5	1.90e-33
NODE_12_length_38609_cov_103.320617	ISGdi2	35.294	68	60.5	6.02e-35
NODE_11_length_55398_cov_105.972217	ISGdi2	37.879	66	60.5	9.98e-36
NODE_11_length_55398_cov_105.972217	IS1031C	31.707	82	60.5	7.65e-40
NODE_17_length_12831_cov_88.760467	ISRhru6	36.765	68	60.1	3.14e-34
NODE_3_length_459026_cov_73.862264	ISAhy3	61.538	52	59.7	3.53e-44
NODE_3_length_459026_cov_73.862264	IS1382	53.846	52	59.7	1.24e-41
NODE_1_length_570926_cov_69.036614	ISStma2	32.394	142	59.7	1.99e-34
NODE_1_length_570926_cov_69.036614	ISPsy8	33.333	132	59.7	3.94e-35
NODE_12_length_38609_cov_103.320617	ISRso1	40.625	64	59.7	8.95e-33
NODE_11_length_55398_cov_105.972217	ISRtr4	42.647	68	59.7	4.69e-37
NODE_20_length_7256_cov_314.676975	ISAcma5	38.235	68	59.3	2.36e-34
NODE_1_length_570926_cov_69.036614	ISHin1	36.434	129	59.3	1.97e-39
NODE_11_length_55398_cov_105.972217	IS1032	36.986	73	59.3	2.87e-36
NODE_3_length_459026_cov_73.862264	ISSau1	50.847	59	58.9	5.99e-46
NODE_3_length_459026_cov_73.862264	ISAs10	59.615	52	58.9	1.51e-43
NODE_20_length_7256_cov_314.676975	ISRl2	40.845	71	58.9	6.16e-41
NODE_1_length_570926_cov_69.036614	ISPsy9	36.986	146	58.9	5.43e-33
NODE_1_length_570926_cov_69.036614	ISMmy3	30.818	159	58.9	5.16e-46
NODE_1_length_570926_cov_69.036614	ISBcen10	33.333	141	58.9	8.04e-40
NODE_11_length_55398_cov_105.972217	ISAli1	34.247	73	58.9	2.77e-37
NODE_20_length_7256_cov_314.676975	ISAcma9	38.235	68	58.5	7.02e-35
NODE_17_length_12831_cov_88.760467	ISRm4	42.647	68	58.5	8.30e-37
NODE_11_length_55398_cov_105.972217	ISGdi3	36.986	73	58.5	5.14e-37
NODE_11_length_55398_cov_105.972217	ISGdi1	31.707	82	58.5	1.56e-38
NODE_3_length_459026_cov_73.862264	ISLmo6	51.667	60	58.2	8.63e-37
NODE_3_length_459026_cov_73.862264	ISHar5	45.455	55	58.2	7.95e-39
NODE_1_length_570926_cov_69.036614	ISBce19	39.286	84	58.2	9.36e-42
NODE_17_length_12831_cov_88.760467	ISRm4-3	42.647	68	58.2	9.09e-37
NODE_17_length_12831_cov_88.760467	ISEnfa3	28.994	169	58.2	1.92e-67
NODE_17_length_12831_cov_88.760467	ISAli1	31.633	98	58.2	3.04e-35
NODE_12_length_38609_cov_103.320617	ISRm4-3	42.647	68	58.2	6.27e-36
NODE_12_length_38609_cov_103.320617	ISRm4	42.647	68	58.2	6.12e-36
NODE_3_length_459026_cov_73.862264	IST3091	50.000	58	57.8	1.50e-48
NODE_3_length_459026_cov_73.862264	ISCARN114	54.902	51	57.8	7.04e-45
NODE_3_length_459026_cov_73.862264	IS30H	57.692	52	57.4	2.03e-42
NODE_3_length_459026_cov_73.862264	IS1086	53.846	52	57.4	4.75e-38
NODE_12_length_38609_cov_103.320617	ISAli1	33.824	68	57.4	3.89e-34
NODE_11_length_55398_cov_105.972217	ISRm15	36.986	73	57.4	5.47e-39
NODE_11_length_55398_cov_105.972217	IS1031A	31.707	82	57.4	1.90e-38
NODE_3_length_459026_cov_73.862264	ISHar4	45.455	55	57.0	5.99e-42
NODE_3_length_459026_cov_73.862264	IS1394	53.846	52	57.0	1.21e-39
NODE_17_length_12831_cov_88.760467	ISApl3	25.434	173	57.0	3.13e-62
NODE_11_length_55398_cov_105.972217	IS1355	26.437	87	57.0	1.47e-33
NODE_3_length_459026_cov_73.862264	ISFnu6	35.455	110	56.6	1.33e-40
NODE_3_length_459026_cov_73.862264	ISCmi3	58.000	50	56.6	1.25e-38
NODE_11_length_55398_cov_105.972217	ISMtsp14	36.765	68	56.6	4.15e-31
NODE_3_length_459026_cov_73.862264	ISHaha3	35.780	109	56.2	3.88e-48
NODE_3_length_459026_cov_73.862264	IS30D	57.692	52	56.2	8.73e-41
NODE_3_length_459026_cov_73.862264	IS30	57.692	52	56.2	8.73e-41
NODE_1_length_570926_cov_69.036614	ISRme12	33.083	133	56.2	7.35e-38
NODE_17_length_12831_cov_88.760467	IS1031D	36.765	68	56.2	7.34e-40
NODE_17_length_12831_cov_88.760467	IS1031C	36.765	68	56.2	8.81e-40
NODE_12_length_38609_cov_103.320617	IS1031D	36.765	68	56.2	5.69e-39
NODE_12_length_38609_cov_103.320617	IS1031C	36.765	68	56.2	5.42e-39
NODE_3_length_459026_cov_73.862264	ISGau8	51.923	52	55.8	5.84e-40
NODE_3_length_459026_cov_73.862264	ISBlo4	54.717	53	55.8	1.27e-37
NODE_3_length_459026_cov_73.862264	IS658	54.717	53	55.8	7.49e-38
NODE_20_length_7256_cov_314.676975	ISMac15	37.681	69	55.8	3.65e-36
NODE_1_length_570926_cov_69.036614	ISBce18	38.095	84	55.8	2.71e-42
NODE_17_length_12831_cov_88.760467	ISKpn8	23.256	172	55.8	9.06e-64
NODE_17_length_12831_cov_88.760467	ISGdi1	36.765	68	55.8	5.05e-38
NODE_12_length_38609_cov_103.320617	ISGdi1	36.765	68	55.8	3.91e-37
NODE_12_length_38609_cov_103.320617	IS12528	32.353	68	55.8	4.74e-32
NODE_11_length_55398_cov_105.972217	ISRso1	42.188	64	55.8	2.75e-32
NODE_20_length_7256_cov_314.676975	ISPye10	36.232	69	55.5	1.19e-37
NODE_1_length_570926_cov_69.036614	ISPsy9	40.909	88	55.5	5.43e-33
NODE_1_length_570926_cov_69.036614	ISApl3	29.457	129	55.5	5.45e-40
NODE_17_length_12831_cov_88.760467	ISRtr3	44.118	68	55.1	1.14e-36
NODE_12_length_38609_cov_103.320617	ISRtr3	44.118	68	55.1	7.97e-36
NODE_1_length_570926_cov_69.036614	ISBcen16	38.961	77	54.7	2.07e-41
NODE_3_length_459026_cov_73.862264	ISBce19	33.588	131	54.3	7.70e-61
NODE_1_length_570926_cov_69.036614	ISPsy8	36.842	76	54.3	3.94e-35
NODE_1_length_570926_cov_69.036614	ISPa79	40.217	92	54.3	8.94e-34
NODE_12_length_38609_cov_103.320617	ISRm4-1	47.917	48	54.3	1.81e-32
NODE_11_length_55398_cov_105.972217	ISRm4-1	48.077	52	54.3	3.28e-34
NODE_20_length_7256_cov_314.676975	ISRtr4	39.706	68	53.9	1.36e-36
NODE_20_length_7256_cov_314.676975	ISRm15	38.028	71	53.9	6.66e-37
NODE_17_length_12831_cov_88.760467	IS861	29.600	125	53.9	4.99e-60
NODE_12_length_38609_cov_103.320617	IS1031A	35.294	68	53.9	8.09e-37
NODE_3_length_459026_cov_73.862264	ISBce15	35.780	109	53.5	5.70e-45
NODE_1_length_570926_cov_69.036614	ISBmu5	32.836	134	53.5	4.15e-39
NODE_17_length_12831_cov_88.760467	IS1031A	35.294	68	53.5	1.06e-37
NODE_3_length_459026_cov_73.862264	ISPsp8	51.923	52	53.1	1.59e-39
NODE_3_length_459026_cov_73.862264	ISPsp7	51.923	52	53.1	5.72e-39
NODE_3_length_459026_cov_73.862264	ISPsp4	51.923	52	53.1	1.33e-37
NODE_3_length_459026_cov_73.862264	ISPfl2	51.923	52	53.1	2.55e-38
NODE_3_length_459026_cov_73.862264	ISAba125	51.923	52	53.1	4.94e-39
NODE_20_length_7256_cov_314.676975	ISAli1	34.783	69	53.1	5.43e-35
NODE_1_length_570926_cov_69.036614	ISBmu6	39.241	79	53.1	1.06e-42
NODE_1_length_570926_cov_69.036614	ISBam1	40.789	76	53.1	2.82e-43
NODE_11_length_55398_cov_105.972217	ISRm4	35.802	81	53.1	4.44e-36
NODE_3_length_459026_cov_73.862264	ISPfr16	54.000	50	52.8	7.36e-44
NODE_3_length_459026_cov_73.862264	ISBth10	27.731	119	52.8	2.20e-59
NODE_17_length_12831_cov_88.760467	ISRel20	35.294	68	52.8	3.14e-36
NODE_1_length_570926_cov_69.036614	ISBmu5	39.744	78	52.4	4.15e-39
NODE_13_length_28530_cov_45.421889	ISLhe2	29.710	138	52.4	6.07e-57
NODE_12_length_38609_cov_103.320617	ISRel20	35.294	68	52.4	2.89e-35
NODE_11_length_55398_cov_105.972217	ISRm4-3	35.802	81	52.4	8.96e-36
NODE_3_length_459026_cov_73.862264	ISL6	28.571	119	52.0	3.99e-37
NODE_3_length_459026_cov_73.862264	ISEcB1	35.897	117	52.0	5.86e-43
NODE_3_length_459026_cov_73.862264	ISAeca1	51.923	52	52.0	1.40e-37
NODE_20_length_7256_cov_314.676975	ISRm4-1	50.000	48	52.0	6.15e-36
NODE_20_length_7256_cov_314.676975	ISGdi3	34.286	70	52.0	4.92e-35
NODE_20_length_7256_cov_314.676975	ISFal3B	38.889	72	52.0	6.34e-31
NODE_20_length_7256_cov_314.676975	IS1032	34.286	70	52.0	1.50e-33
NODE_1_length_570926_cov_69.036614	ISApl2	30.894	123	52.0	5.93e-39
NODE_3_length_459026_cov_73.862264	ISBope1	33.945	109	51.6	3.34e-53
NODE_3_length_459026_cov_73.862264	ISBam1	28.333	120	51.6	1.40e-53
NODE_3_length_459026_cov_73.862264	IS1664	29.060	117	51.6	1.53e-51
NODE_1_length_570926_cov_69.036614	ISBth10	36.842	76	51.6	3.23e-40
NODE_3_length_459026_cov_73.862264	ISYkr1	48.077	52	51.2	7.81e-42
NODE_3_length_459026_cov_73.862264	ISBce18	38.462	117	51.2	4.68e-43
NODE_1_length_570926_cov_69.036614	ISMmy3	34.667	75	50.8	5.16e-46
NODE_1_length_570926_cov_69.036614	ISHaha3	35.366	82	50.4	5.41e-37
NODE_3_length_459026_cov_73.862264	ISBth167	37.383	107	50.1	1.62e-47
NODE_20_length_7256_cov_314.676975	ISRm4-3	39.189	74	50.1	2.63e-35
NODE_20_length_7256_cov_314.676975	ISRm4	39.189	74	50.1	2.87e-35
NODE_17_length_12831_cov_88.760467	ISSpn11	28.276	145	49.7	3.03e-53
NODE_17_length_12831_cov_88.760467	ISEnfa5	22.892	166	49.7	8.49e-41
NODE_1_length_570926_cov_69.036614	ISStma2	41.026	78	49.3	1.99e-34
NODE_11_length_55398_cov_105.972217	ISRel20	36.620	71	49.3	8.12e-34
NODE_1_length_570926_cov_69.036614	ISApl2	30.986	142	48.9	5.93e-39
NODE_20_length_7256_cov_314.676975	IS1031D	33.824	68	48.5	6.49e-37
NODE_20_length_7256_cov_314.676975	IS1031C	33.824	68	48.5	8.53e-37
NODE_1_length_570926_cov_69.036614	ISApl3	30.986	142	48.5	5.45e-40
NODE_11_length_55398_cov_105.972217	ISAzs28	32.000	75	48.5	1.41e-33
NODE_20_length_7256_cov_314.676975	IS5Sa2	32.468	77	48.1	3.26e-34
NODE_1_length_570926_cov_69.036614	ISHin1	32.530	83	48.1	1.97e-39
NODE_1_length_570926_cov_69.036614	ISBcen10	37.179	78	48.1	8.04e-40
NODE_17_length_12831_cov_88.760467	ISMtsp20	38.235	68	48.1	9.82e-34
NODE_12_length_38609_cov_103.320617	ISMtsp20	38.235	68	48.1	7.04e-33
NODE_11_length_55398_cov_105.972217	ISRtr3	44.118	68	48.1	1.67e-34
NODE_20_length_7256_cov_314.676975	ISRhru6	32.353	68	47.8	5.94e-36
NODE_20_length_7256_cov_314.676975	ISMdi21	31.884	69	47.8	2.00e-32
NODE_3_length_459026_cov_73.862264	ISEnfa3	27.215	158	47.4	1.80e-44
NODE_3_length_459026_cov_73.862264	IS150	32.258	124	47.4	1.32e-47
NODE_20_length_7256_cov_314.676975	ISGdi1	33.824	68	47.4	4.27e-36
NODE_1_length_570926_cov_69.036614	ISRme12	36.842	76	47.4	7.35e-38
NODE_3_length_459026_cov_73.862264	ISBope1	28.205	117	47.0	3.34e-53
NODE_3_length_459026_cov_73.862264	ISAba45	34.314	102	47.0	2.35e-49
NODE_20_length_7256_cov_314.676975	IS1031A	33.803	71	47.0	4.03e-36
NODE_3_length_459026_cov_73.862264	ISRme10	45.098	51	46.6	3.93e-37
NODE_3_length_459026_cov_73.862264	ISPa79	34.211	114	46.6	5.55e-42
NODE_3_length_459026_cov_73.862264	ISBam1	33.333	111	46.6	1.40e-53
NODE_3_length_459026_cov_73.862264	IS1664	28.571	133	46.6	1.53e-51
NODE_20_length_7256_cov_314.676975	ISRtr3	42.254	71	46.6	1.46e-36
NODE_1_length_570926_cov_69.036614	ISBmu6	29.221	154	46.6	1.06e-42
NODE_3_length_459026_cov_73.862264	ISBmu6	31.481	108	46.2	7.85e-42
NODE_3_length_459026_cov_73.862264	ISSmu1	38.202	89	45.8	1.24e-37
NODE_1_length_570926_cov_69.036614	ISEcB1	36.842	76	45.8	4.04e-43
NODE_17_length_12831_cov_88.760467	ISSpl1	26.027	146	45.8	5.01e-57
NODE_3_length_459026_cov_73.862264	ISPsy9	33.962	106	45.4	2.02e-38
NODE_1_length_570926_cov_69.036614	ISBcen10	29.221	154	45.4	8.04e-40
NODE_7_length_203736_cov_80.243004	ISWco1	46.970	66	45.1	4.18e-84
NODE_3_length_459026_cov_73.862264	ISSth6	38.462	91	45.1	1.41e-37
NODE_1_length_570926_cov_69.036614	ISApl2	34.146	82	45.1	5.93e-39
NODE_3_length_459026_cov_73.862264	ISBcen9	31.776	107	44.7	4.76e-41
NODE_1_length_570926_cov_69.036614	ISHar1	27.500	160	44.7	2.86e-40
NODE_11_length_55398_cov_105.972217	ISEc61	28.000	75	44.7	1.82e-31
NODE_3_length_459026_cov_73.862264	ISFnu8	31.818	110	44.3	4.54e-37
NODE_3_length_459026_cov_73.862264	ISBcen16	31.481	108	44.3	1.15e-40
NODE_3_length_459026_cov_73.862264	ISKpn8	33.333	105	43.9	9.82e-42
NODE_1_length_570926_cov_69.036614	ISRme12	28.125	160	43.9	7.35e-38
NODE_1_length_570926_cov_69.036614	ISHar1	35.065	77	43.9	2.86e-40
NODE_11_length_55398_cov_105.972217	ISMtsp20	32.500	80	43.9	1.20e-32
NODE_3_length_459026_cov_73.862264	ISSpn4	38.158	76	43.5	2.41e-38
NODE_1_length_570926_cov_69.036614	ISBmu5	28.571	154	43.5	4.15e-39
NODE_1_length_570926_cov_69.036614	ISApl3	33.750	80	43.5	5.45e-40
NODE_1_length_570926_cov_69.036614	ISAba45	38.158	76	43.5	9.25e-41
NODE_7_length_203736_cov_80.243004	ISSth1b	38.889	54	43.1	5.82e-38
NODE_1_length_570926_cov_69.036614	IS1296	37.838	74	43.1	1.12e-33
NODE_17_length_12831_cov_88.760467	ISLgar1	26.220	164	43.1	2.23e-56
NODE_3_length_459026_cov_73.862264	ISApl3	34.951	103	42.4	1.16e-43
NODE_1_length_570926_cov_69.036614	ISHin1	27.928	111	42.0	1.97e-39
NODE_1_length_570926_cov_69.036614	IS150	33.333	81	42.0	9.16e-33
NODE_17_length_12831_cov_88.760467	ISSth6	25.309	162	42.0	5.14e-57
NODE_1_length_570926_cov_69.036614	ISBcen16	27.922	154	41.6	2.07e-41
NODE_17_length_12831_cov_88.760467	ISSpn4	25.926	162	41.6	5.57e-58
NODE_3_length_459026_cov_73.862264	IS150	23.853	109	40.8	1.32e-47
NODE_3_length_459026_cov_73.862264	ISRso11	34.667	75	39.7	5.77e-40
NODE_3_length_459026_cov_73.862264	ISHar1	32.292	96	39.7	8.53e-42
NODE_20_length_7256_cov_314.676975	ISMtsp20	35.294	68	39.7	1.71e-31
NODE_3_length_459026_cov_73.862264	ISPsy8	28.972	107	38.9	4.94e-47
NODE_3_length_459026_cov_73.862264	ISApl2	37.363	91	38.9	1.26e-42
NODE_3_length_459026_cov_73.862264	IS861	37.209	86	38.9	4.42e-39
NODE_20_length_7256_cov_314.676975	ISRel20	32.353	68	38.9	2.00e-31
NODE_7_length_203736_cov_80.243004	ISHin1	27.586	116	38.5	3.40e-38
NODE_1_length_570926_cov_69.036614	IS1664	32.051	78	38.5	1.02e-39
NODE_3_length_459026_cov_73.862264	ISStma2	36.036	111	38.1	1.91e-44
NODE_3_length_459026_cov_73.862264	ISLgar1	33.846	65	38.1	1.73e-39
NODE_3_length_459026_cov_73.862264	ISRme12	36.264	91	37.7	4.29e-40
NODE_3_length_459026_cov_73.862264	ISLla3	29.545	88	37.0	1.62e-42
NODE_3_length_459026_cov_73.862264	ISBmu5	59.259	27	36.6	2.89e-42
NODE_3_length_459026_cov_73.862264	ISBli34	31.481	108	36.2	6.38e-40
NODE_1_length_570926_cov_69.036614	ISFnu6	29.762	84	36.2	4.09e-36
NODE_1_length_570926_cov_69.036614	ISEcB1	30.882	136	36.2	4.04e-43
NODE_1_length_570926_cov_69.036614	ISFnu8	30.952	84	35.8	1.14e-33
NODE_17_length_12831_cov_88.760467	ISCod1	28.099	121	35.4	1.10e-51
NODE_3_length_459026_cov_73.862264	ISHin1	35.088	114	35.0	7.29e-51
NODE_3_length_459026_cov_73.862264	ISPlsp1	29.730	111	34.7	1.47e-40
NODE_3_length_459026_cov_73.862264	ISBcen10	55.556	27	34.3	1.81e-41
NODE_2_length_481826_cov_79.848527	ISEnfa5	50.000	48	34.3	5.40e-47
NODE_7_length_203736_cov_80.243004	ISBce19	29.577	71	33.9	2.87e-42
NODE_1_length_570926_cov_69.036614	ISBce18	29.268	123	33.5	2.71e-42
NODE_1_length_570926_cov_69.036614	ISAba45	27.673	159	32.3	9.25e-41
NODE_7_length_203736_cov_80.243004	ISBam1	33.962	53	31.2	5.77e-41
NODE_3_length_459026_cov_73.862264	ISEfa10	26.374	91	31.2	1.38e-38
NODE_1_length_570926_cov_69.036614	ISHaha3	26.316	133	31.2	5.41e-37
NODE_3_length_459026_cov_73.862264	ISL6	25.806	62	30.4	3.99e-37
NODE_3_length_459026_cov_73.862264	IS861	42.424	33	29.6	4.42e-39
NODE_1_length_570926_cov_69.036614	IS1664	25.781	128	29.6	1.02e-39
NODE_3_length_459026_cov_73.862264	ISHaha3	24.107	112	26.6	3.88e-48
NODE_2_length_481826_cov_79.848527	ISSau2	41.860	43	24.3	1.24e-52
NODE_3_length_459026_cov_73.862264	IS861	34.483	29	23.1	4.42e-39
NODE_3_length_459026_cov_73.862264	ISSpn4	34.286	35	22.3	2.41e-38
NODE_7_length_203736_cov_80.243004	ISHin1	28.205	39	20.8	3.40e-38
