fna/A29.fna	fna/A29.fna	100	1469	1471
fna/A29.fna	fna/AVNIH2.fna	96.6169	1317	1471
fna/A29.fna	fna/LMG13067.fna	96.6158	1314	1471
fna/A29.fna	fna/AER397.fna	96.6152	1318	1471
fna/A29.fna	fna/CCM4359.fna	96.6132	1308	1471
fna/A29.fna	fna/AMC35.fna	96.6105	1324	1471
fna/A29.fna	fna/Hm21.fna	96.6086	1360	1471
fna/A29.fna	fna/B565.fna	96.6044	1323	1471
fna/A29.fna	fna/AER39.fna	96.5778	1351	1471
fna/A29.fna	fna/CECT4257.fna	96.5773	1317	1471
fna/A29.fna	fna/CCM7244.fna	96.5293	1321	1471
fna/A29.fna	fna/X12.fna	96.5277	1362	1471
fna/A29.fna	fna/X11.fna	96.5209	1258	1471
fna/A29.fna	fna/CECT4486.fna	96.5108	1315	1471
fna/A29.fna	fna/TTU2014-108AME.fna	96.4785	1341	1471
fna/A29.fna	fna/ARB3.fna	96.4776	1332	1471
fna/A29.fna	fna/TTU2014-115AME.fna	96.4684	1344	1471
fna/A29.fna	fna/TTU2014-108ASC.fna	96.4669	1344	1471
fna/A29.fna	fna/TTU2014-115ASC.fna	96.4517	1348	1471
fna/A29.fna	fna/TTU2014-134ASC.fna	96.4506	1340	1471
fna/A29.fna	fna/TTU2014-113AME.fna	96.4424	1321	1471
fna/A29.fna	fna/pamvotica.fna	96.4333	1351	1471
fna/A29.fna	fna/TTU2014-125ASC.fna	96.4301	1339	1471
fna/A29.fna	fna/CB51.fna	96.4287	1339	1471
fna/A29.fna	fna/TTU2014-131ASC.fna	96.4271	1337	1471
fna/A29.fna	fna/ML09-123.fna	96.4247	1355	1471
fna/A29.fna	fna/TTU2014-143ASC.fna	96.4236	1337	1471
fna/A29.fna	fna/TH0426.fna	96.4166	1368	1471
fna/A29.fna	fna/AVNIH1.fna	96.4133	1326	1471
fna/A29.fna	fna/TTU2014-142ASC.fna	96.4113	1351	1471
fna/A29.fna	fna/TTU2014-130AME.fna	96.4091	1344	1471
fna/A29.fna	fna/TTU2014-140ASC.fna	96.403	1333	1471
fna/A29.fna	fna/TTU2014-130ASC.fna	96.4019	1350	1471
fna/A29.fna	fna/TTU2014-141AME.fna	96.4014	1346	1471
fna/A29.fna	fna/TTU2014-143AME.fna	96.4006	1345	1471
fna/A29.fna	fna/TTU2014-134AME.fna	96.3979	1352	1471
fna/A29.fna	fna/TTU2014-141ASC.fna	96.3938	1347	1471
fna/A29.fna	fna/Ae52.fna	96.3916	1299	1471
fna/A29.fna	fna/RU31B.fna	96.3527	1324	1471
fna/A29.fna	fna/CIP107763.fna	96.3054	1331	1471
fna/A29.fna	fna/VBF557.fna	96.2075	1169	1471
fna/AER39.fna	fna/AER39.fna	99.9962	1462	1472
fna/AER39.fna	fna/A29.fna	96.6012	1351	1472
fna/AER39.fna	fna/AER397.fna	96.564	1325	1472
fna/AER39.fna	fna/AMC35.fna	96.5588	1344	1472
fna/AER39.fna	fna/CECT4257.fna	96.556	1314	1472
fna/AER39.fna	fna/Hm21.fna	96.5525	1379	1472
fna/AER39.fna	fna/B565.fna	96.537	1347	1472
fna/AER39.fna	fna/X11.fna	96.5085	1262	1472
fna/AER39.fna	fna/CCM4359.fna	96.4982	1332	1472
fna/AER39.fna	fna/X12.fna	96.4849	1382	1472
fna/AER39.fna	fna/AVNIH2.fna	96.4816	1314	1472
fna/AER39.fna	fna/ML09-123.fna	96.4811	1362	1472
fna/AER39.fna	fna/ARB3.fna	96.4535	1334	1472
fna/AER39.fna	fna/TH0426.fna	96.4373	1384	1472
fna/AER39.fna	fna/TTU2014-140ASC.fna	96.4355	1321	1472
fna/AER39.fna	fna/TTU2014-143AME.fna	96.4322	1332	1472
fna/AER39.fna	fna/LMG13067.fna	96.4249	1325	1472
fna/AER39.fna	fna/TTU2014-130AME.fna	96.4241	1328	1472
fna/AER39.fna	fna/TTU2014-125ASC.fna	96.4233	1328	1472
fna/AER39.fna	fna/TTU2014-113AME.fna	96.4228	1323	1472
fna/AER39.fna	fna/TTU2014-134ASC.fna	96.4193	1334	1472
fna/AER39.fna	fna/TTU2014-131ASC.fna	96.408	1327	1472
fna/AER39.fna	fna/CECT4486.fna	96.4037	1314	1472
fna/AER39.fna	fna/TTU2014-108AME.fna	96.4035	1338	1472
fna/AER39.fna	fna/TTU2014-142ASC.fna	96.3989	1346	1472
fna/AER39.fna	fna/Ae52.fna	96.3984	1299	1472
fna/AER39.fna	fna/TTU2014-108ASC.fna	96.3967	1337	1472
fna/AER39.fna	fna/TTU2014-141AME.fna	96.3949	1345	1472
fna/AER39.fna	fna/TTU2014-134AME.fna	96.3932	1345	1472
fna/AER39.fna	fna/TTU2014-130ASC.fna	96.3923	1343	1472
fna/AER39.fna	fna/CCM7244.fna	96.3919	1338	1472
fna/AER39.fna	fna/TTU2014-143ASC.fna	96.3916	1339	1472
fna/AER39.fna	fna/TTU2014-115ASC.fna	96.3896	1339	1472
fna/AER39.fna	fna/AVNIH1.fna	96.3884	1328	1472
fna/AER39.fna	fna/TTU2014-141ASC.fna	96.3831	1345	1472
fna/AER39.fna	fna/CB51.fna	96.3808	1370	1472
fna/AER39.fna	fna/TTU2014-115AME.fna	96.37	1349	1472
fna/AER39.fna	fna/RU31B.fna	96.3406	1335	1472
fna/AER39.fna	fna/pamvotica.fna	96.3361	1350	1472
fna/AER39.fna	fna/CIP107763.fna	96.2973	1303	1472
fna/AER39.fna	fna/VBF557.fna	96.1394	1165	1472
fna/AER397.fna	fna/AER397.fna	99.9979	1481	1497
fna/AER397.fna	fna/CECT4257.fna	99.7134	1441	1497
fna/AER397.fna	fna/CCM4359.fna	99.7069	1451	1497
fna/AER397.fna	fna/B565.fna	99.6842	1466	1497
fna/AER397.fna	fna/AMC35.fna	97.0818	1411	1497
fna/AER397.fna	fna/A29.fna	96.6194	1321	1497
fna/AER397.fna	fna/LMG13067.fna	96.5474	1356	1497
fna/AER397.fna	fna/ARB3.fna	96.5436	1339	1497
fna/AER397.fna	fna/AVNIH2.fna	96.54	1359	1497
fna/AER397.fna	fna/X11.fna	96.5353	1272	1497
fna/AER397.fna	fna/Hm21.fna	96.5331	1345	1497
fna/AER397.fna	fna/AER39.fna	96.526	1343	1497
fna/AER397.fna	fna/TTU2014-108AME.fna	96.5121	1333	1497
fna/AER397.fna	fna/TTU2014-113AME.fna	96.4992	1309	1497
fna/AER397.fna	fna/TTU2014-115ASC.fna	96.4838	1343	1497
fna/AER397.fna	fna/TTU2014-115AME.fna	96.4765	1351	1497
fna/AER397.fna	fna/TTU2014-143ASC.fna	96.4764	1335	1497
fna/AER397.fna	fna/TTU2014-140ASC.fna	96.4626	1327	1497
fna/AER397.fna	fna/TTU2014-143AME.fna	96.4622	1340	1497
fna/AER397.fna	fna/TTU2014-108ASC.fna	96.4607	1339	1497
fna/AER397.fna	fna/TTU2014-142ASC.fna	96.4604	1344	1497
fna/AER397.fna	fna/TTU2014-131ASC.fna	96.4553	1335	1497
fna/AER397.fna	fna/ML09-123.fna	96.4521	1329	1497
fna/AER397.fna	fna/TTU2014-141AME.fna	96.4515	1344	1497
fna/AER397.fna	fna/TTU2014-130ASC.fna	96.4479	1342	1497
fna/AER397.fna	fna/TTU2014-141ASC.fna	96.4463	1342	1497
fna/AER397.fna	fna/TTU2014-125ASC.fna	96.446	1340	1497
fna/AER397.fna	fna/AVNIH1.fna	96.4412	1350	1497
fna/AER397.fna	fna/CCM7244.fna	96.4359	1338	1497
fna/AER397.fna	fna/TTU2014-134ASC.fna	96.4327	1346	1497
fna/AER397.fna	fna/CECT4486.fna	96.4323	1324	1497
fna/AER397.fna	fna/X12.fna	96.4321	1341	1497
fna/AER397.fna	fna/TTU2014-130AME.fna	96.4308	1342	1497
fna/AER397.fna	fna/Ae52.fna	96.4212	1323	1497
fna/AER397.fna	fna/CB51.fna	96.4187	1353	1497
fna/AER397.fna	fna/pamvotica.fna	96.4178	1356	1497
fna/AER397.fna	fna/TH0426.fna	96.4085	1349	1497
fna/AER397.fna	fna/TTU2014-134AME.fna	96.3973	1353	1497
fna/AER397.fna	fna/CIP107763.fna	96.2316	1325	1497
fna/AER397.fna	fna/RU31B.fna	96.2203	1303	1497
fna/AER397.fna	fna/VBF557.fna	96.1078	1162	1497
fna/AMC35.fna	fna/AMC35.fna	99.9965	1514	1521
fna/AMC35.fna	fna/AER397.fna	97.066	1417	1521
fna/AMC35.fna	fna/B565.fna	97.0621	1425	1521
fna/AMC35.fna	fna/CCM4359.fna	96.9484	1415	1521
fna/AMC35.fna	fna/CECT4257.fna	96.9468	1411	1521
fna/AMC35.fna	fna/A29.fna	96.5856	1321	1521
fna/AMC35.fna	fna/AVNIH2.fna	96.546	1353	1521
fna/AMC35.fna	fna/X11.fna	96.5322	1281	1521
fna/AMC35.fna	fna/LMG13067.fna	96.5189	1347	1521
fna/AMC35.fna	fna/Hm21.fna	96.5166	1355	1521
fna/AMC35.fna	fna/AER39.fna	96.5018	1349	1521
fna/AMC35.fna	fna/ARB3.fna	96.4702	1340	1521
fna/AMC35.fna	fna/TTU2014-131ASC.fna	96.4588	1320	1521
fna/AMC35.fna	fna/TTU2014-130AME.fna	96.4564	1342	1521
fna/AMC35.fna	fna/CB51.fna	96.4554	1361	1521
fna/AMC35.fna	fna/TTU2014-134ASC.fna	96.4504	1342	1521
fna/AMC35.fna	fna/TTU2014-125ASC.fna	96.4484	1337	1521
fna/AMC35.fna	fna/TTU2014-140ASC.fna	96.4426	1332	1521
fna/AMC35.fna	fna/TTU2014-115ASC.fna	96.4402	1339	1521
fna/AMC35.fna	fna/TTU2014-115AME.fna	96.4396	1340	1521
fna/AMC35.fna	fna/CCM7244.fna	96.4384	1330	1521
fna/AMC35.fna	fna/TTU2014-143ASC.fna	96.429	1335	1521
fna/AMC35.fna	fna/TTU2014-108ASC.fna	96.4275	1342	1521
fna/AMC35.fna	fna/TTU2014-142ASC.fna	96.427	1347	1521
fna/AMC35.fna	fna/TTU2014-134AME.fna	96.4252	1347	1521
fna/AMC35.fna	fna/TTU2014-143AME.fna	96.4247	1344	1521
fna/AMC35.fna	fna/TTU2014-141ASC.fna	96.423	1348	1521
fna/AMC35.fna	fna/TTU2014-113AME.fna	96.4209	1313	1521
fna/AMC35.fna	fna/TTU2014-108AME.fna	96.4181	1337	1521
fna/AMC35.fna	fna/TTU2014-130ASC.fna	96.4135	1349	1521
fna/AMC35.fna	fna/TTU2014-141AME.fna	96.4066	1347	1521
fna/AMC35.fna	fna/ML09-123.fna	96.3994	1338	1521
fna/AMC35.fna	fna/CECT4486.fna	96.3896	1324	1521
fna/AMC35.fna	fna/Ae52.fna	96.3839	1335	1521
fna/AMC35.fna	fna/TH0426.fna	96.3823	1368	1521
fna/AMC35.fna	fna/AVNIH1.fna	96.3408	1391	1521
fna/AMC35.fna	fna/X12.fna	96.3215	1361	1521
fna/AMC35.fna	fna/CIP107763.fna	96.3204	1307	1521
fna/AMC35.fna	fna/pamvotica.fna	96.2384	1371	1521
fna/AMC35.fna	fna/RU31B.fna	96.1908	1310	1521
fna/AMC35.fna	fna/VBF557.fna	96.0042	1154	1521
fna/ARB3.fna	fna/ARB3.fna	100	1486	1490
fna/ARB3.fna	fna/TTU2014-134ASC.fna	96.6195	1368	1490
fna/ARB3.fna	fna/TTU2014-113AME.fna	96.6148	1347	1490
fna/ARB3.fna	fna/TTU2014-134AME.fna	96.5934	1371	1490
fna/ARB3.fna	fna/TTU2014-142ASC.fna	96.5854	1376	1490
fna/ARB3.fna	fna/TTU2014-130AME.fna	96.5792	1374	1490
fna/ARB3.fna	fna/TTU2014-131ASC.fna	96.5769	1367	1490
fna/ARB3.fna	fna/TTU2014-125ASC.fna	96.5752	1371	1490
fna/ARB3.fna	fna/TTU2014-143ASC.fna	96.5751	1372	1490
fna/ARB3.fna	fna/TTU2014-141ASC.fna	96.5744	1376	1490
fna/ARB3.fna	fna/TTU2014-143AME.fna	96.5732	1373	1490
fna/ARB3.fna	fna/TTU2014-141AME.fna	96.5721	1371	1490
fna/ARB3.fna	fna/TTU2014-130ASC.fna	96.5627	1382	1490
fna/ARB3.fna	fna/TTU2014-115AME.fna	96.5594	1374	1490
fna/ARB3.fna	fna/TTU2014-140ASC.fna	96.551	1367	1490
fna/ARB3.fna	fna/TTU2014-108AME.fna	96.5225	1383	1490
fna/ARB3.fna	fna/TTU2014-115ASC.fna	96.5222	1385	1490
fna/ARB3.fna	fna/TTU2014-108ASC.fna	96.5179	1385	1490
fna/ARB3.fna	fna/AER397.fna	96.5145	1349	1490
fna/ARB3.fna	fna/B565.fna	96.5113	1343	1490
fna/ARB3.fna	fna/ML09-123.fna	96.5084	1371	1490
fna/ARB3.fna	fna/AVNIH2.fna	96.5034	1329	1490
fna/ARB3.fna	fna/Hm21.fna	96.4965	1374	1490
fna/ARB3.fna	fna/CECT4257.fna	96.4962	1337	1490
fna/ARB3.fna	fna/pamvotica.fna	96.4958	1392	1490
fna/ARB3.fna	fna/CCM4359.fna	96.4724	1340	1490
fna/ARB3.fna	fna/A29.fna	96.472	1332	1490
fna/ARB3.fna	fna/LMG13067.fna	96.4617	1332	1490
fna/ARB3.fna	fna/X11.fna	96.4576	1250	1490
fna/ARB3.fna	fna/CB51.fna	96.4496	1346	1490
fna/ARB3.fna	fna/Ae52.fna	96.4455	1321	1490
fna/ARB3.fna	fna/CECT4486.fna	96.4365	1341	1490
fna/ARB3.fna	fna/AMC35.fna	96.431	1359	1490
fna/ARB3.fna	fna/CCM7244.fna	96.4277	1359	1490
fna/ARB3.fna	fna/TH0426.fna	96.4148	1388	1490
fna/ARB3.fna	fna/AER39.fna	96.4145	1342	1490
fna/ARB3.fna	fna/AVNIH1.fna	96.3433	1333	1490
fna/ARB3.fna	fna/X12.fna	96.2922	1379	1490
fna/ARB3.fna	fna/RU31B.fna	96.2682	1330	1490
fna/ARB3.fna	fna/VBF557.fna	96.2371	1202	1490
fna/ARB3.fna	fna/CIP107763.fna	96.2132	1334	1490
fna/AVNIH1.fna	fna/AVNIH1.fna	100	1645	1651
fna/AVNIH1.fna	fna/AVNIH2.fna	98.0703	1399	1651
fna/AVNIH1.fna	fna/A29.fna	96.3904	1317	1651
fna/AVNIH1.fna	fna/AER397.fna	96.3455	1362	1651
fna/AVNIH1.fna	fna/B565.fna	96.33	1378	1651
fna/AVNIH1.fna	fna/LMG13067.fna	96.3207	1355	1651
fna/AVNIH1.fna	fna/ARB3.fna	96.3199	1336	1651
fna/AVNIH1.fna	fna/X11.fna	96.3143	1289	1651
fna/AVNIH1.fna	fna/AMC35.fna	96.2922	1386	1651
fna/AVNIH1.fna	fna/TTU2014-115AME.fna	96.2853	1331	1651
fna/AVNIH1.fna	fna/TTU2014-108AME.fna	96.2796	1320	1651
fna/AVNIH1.fna	fna/TTU2014-115ASC.fna	96.275	1330	1651
fna/AVNIH1.fna	fna/TTU2014-108ASC.fna	96.2629	1327	1651
fna/AVNIH1.fna	fna/CECT4257.fna	96.2617	1355	1651
fna/AVNIH1.fna	fna/AER39.fna	96.2617	1346	1651
fna/AVNIH1.fna	fna/CCM4359.fna	96.2474	1367	1651
fna/AVNIH1.fna	fna/CB51.fna	96.2464	1370	1651
fna/AVNIH1.fna	fna/Hm21.fna	96.2366	1372	1651
fna/AVNIH1.fna	fna/TTU2014-113AME.fna	96.2348	1321	1651
fna/AVNIH1.fna	fna/TTU2014-134ASC.fna	96.2329	1342	1651
fna/AVNIH1.fna	fna/TTU2014-125ASC.fna	96.2308	1342	1651
fna/AVNIH1.fna	fna/ML09-123.fna	96.23	1348	1651
fna/AVNIH1.fna	fna/CECT4486.fna	96.224	1321	1651
fna/AVNIH1.fna	fna/Ae52.fna	96.2237	1353	1651
fna/AVNIH1.fna	fna/TTU2014-142ASC.fna	96.2197	1345	1651
fna/AVNIH1.fna	fna/TTU2014-130ASC.fna	96.2147	1344	1651
fna/AVNIH1.fna	fna/TTU2014-140ASC.fna	96.2096	1334	1651
fna/AVNIH1.fna	fna/TTU2014-143ASC.fna	96.2078	1340	1651
fna/AVNIH1.fna	fna/TTU2014-134AME.fna	96.2059	1345	1651
fna/AVNIH1.fna	fna/CCM7244.fna	96.2034	1340	1651
fna/AVNIH1.fna	fna/TTU2014-130AME.fna	96.2031	1345	1651
fna/AVNIH1.fna	fna/TTU2014-131ASC.fna	96.1993	1335	1651
fna/AVNIH1.fna	fna/TTU2014-143AME.fna	96.1992	1346	1651
fna/AVNIH1.fna	fna/TTU2014-141AME.fna	96.1963	1349	1651
fna/AVNIH1.fna	fna/RU31B.fna	96.1916	1305	1651
fna/AVNIH1.fna	fna/TTU2014-141ASC.fna	96.1881	1348	1651
fna/AVNIH1.fna	fna/TH0426.fna	96.1682	1372	1651
fna/AVNIH1.fna	fna/CIP107763.fna	96.1544	1311	1651
fna/AVNIH1.fna	fna/X12.fna	96.0878	1372	1651
fna/AVNIH1.fna	fna/pamvotica.fna	96.0593	1361	1651
fna/AVNIH1.fna	fna/VBF557.fna	95.9016	1159	1651
fna/AVNIH2.fna	fna/AVNIH2.fna	100	1485	1486
fna/AVNIH2.fna	fna/AVNIH1.fna	98.1339	1402	1486
fna/AVNIH2.fna	fna/LMG13067.fna	96.67	1347	1486
fna/AVNIH2.fna	fna/X11.fna	96.6088	1278	1486
fna/AVNIH2.fna	fna/B565.fna	96.6072	1360	1486
fna/AVNIH2.fna	fna/A29.fna	96.5912	1315	1486
fna/AVNIH2.fna	fna/CCM4359.fna	96.5629	1343	1486
fna/AVNIH2.fna	fna/Hm21.fna	96.548	1329	1486
fna/AVNIH2.fna	fna/CECT4257.fna	96.5435	1340	1486
fna/AVNIH2.fna	fna/AER397.fna	96.5431	1354	1486
fna/AVNIH2.fna	fna/AMC35.fna	96.5412	1361	1486
fna/AVNIH2.fna	fna/ARB3.fna	96.5386	1319	1486
fna/AVNIH2.fna	fna/TTU2014-125ASC.fna	96.5316	1323	1486
fna/AVNIH2.fna	fna/TTU2014-113AME.fna	96.5309	1306	1486
fna/AVNIH2.fna	fna/TTU2014-115ASC.fna	96.5188	1317	1486
fna/AVNIH2.fna	fna/TTU2014-140ASC.fna	96.5151	1320	1486
fna/AVNIH2.fna	fna/TTU2014-134ASC.fna	96.5114	1328	1486
fna/AVNIH2.fna	fna/TTU2014-108ASC.fna	96.5072	1318	1486
fna/AVNIH2.fna	fna/TTU2014-130AME.fna	96.5035	1327	1486
fna/AVNIH2.fna	fna/TTU2014-108AME.fna	96.5033	1312	1486
fna/AVNIH2.fna	fna/TTU2014-143AME.fna	96.4984	1327	1486
fna/AVNIH2.fna	fna/TTU2014-143ASC.fna	96.4953	1329	1486
fna/AVNIH2.fna	fna/TTU2014-131ASC.fna	96.4942	1327	1486
fna/AVNIH2.fna	fna/TTU2014-115AME.fna	96.4925	1323	1486
fna/AVNIH2.fna	fna/AER39.fna	96.481	1315	1486
fna/AVNIH2.fna	fna/TTU2014-142ASC.fna	96.4777	1339	1486
fna/AVNIH2.fna	fna/TTU2014-130ASC.fna	96.4761	1336	1486
fna/AVNIH2.fna	fna/TTU2014-141ASC.fna	96.4695	1339	1486
fna/AVNIH2.fna	fna/TTU2014-141AME.fna	96.4656	1335	1486
fna/AVNIH2.fna	fna/ML09-123.fna	96.4627	1334	1486
fna/AVNIH2.fna	fna/CB51.fna	96.4618	1338	1486
fna/AVNIH2.fna	fna/TH0426.fna	96.4599	1329	1486
fna/AVNIH2.fna	fna/TTU2014-134AME.fna	96.4575	1338	1486
fna/AVNIH2.fna	fna/CCM7244.fna	96.4312	1326	1486
fna/AVNIH2.fna	fna/Ae52.fna	96.4244	1337	1486
fna/AVNIH2.fna	fna/X12.fna	96.422	1323	1486
fna/AVNIH2.fna	fna/pamvotica.fna	96.4131	1344	1486
fna/AVNIH2.fna	fna/CECT4486.fna	96.4007	1307	1486
fna/AVNIH2.fna	fna/CIP107763.fna	96.3305	1298	1486
fna/AVNIH2.fna	fna/RU31B.fna	96.2726	1281	1486
fna/AVNIH2.fna	fna/VBF557.fna	96.1369	1151	1486
fna/Ae52.fna	fna/Ae52.fna	100	1480	1483
fna/Ae52.fna	fna/CCM4359.fna	96.4654	1317	1483
fna/Ae52.fna	fna/ARB3.fna	96.4475	1324	1483
fna/Ae52.fna	fna/B565.fna	96.4474	1318	1483
fna/Ae52.fna	fna/AER397.fna	96.4461	1323	1483
fna/Ae52.fna	fna/AMC35.fna	96.4419	1331	1483
fna/Ae52.fna	fna/CECT4257.fna	96.4277	1311	1483
fna/Ae52.fna	fna/AVNIH2.fna	96.415	1339	1483
fna/Ae52.fna	fna/X11.fna	96.39	1279	1483
fna/Ae52.fna	fna/Hm21.fna	96.3784	1313	1483
fna/Ae52.fna	fna/TTU2014-115AME.fna	96.3759	1324	1483
fna/Ae52.fna	fna/ML09-123.fna	96.3646	1306	1483
fna/Ae52.fna	fna/TTU2014-108AME.fna	96.35	1316	1483
fna/Ae52.fna	fna/CB51.fna	96.3355	1324	1483
fna/Ae52.fna	fna/CCM7244.fna	96.3344	1303	1483
fna/Ae52.fna	fna/TTU2014-108ASC.fna	96.3296	1319	1483
fna/Ae52.fna	fna/pamvotica.fna	96.3266	1332	1483
fna/Ae52.fna	fna/A29.fna	96.3244	1310	1483
fna/Ae52.fna	fna/TTU2014-142ASC.fna	96.3235	1328	1483
fna/Ae52.fna	fna/AER39.fna	96.3231	1305	1483
fna/Ae52.fna	fna/TH0426.fna	96.3163	1335	1483
fna/Ae52.fna	fna/TTU2014-131ASC.fna	96.3161	1316	1483
fna/Ae52.fna	fna/TTU2014-115ASC.fna	96.3144	1324	1483
fna/Ae52.fna	fna/LMG13067.fna	96.3143	1329	1483
fna/Ae52.fna	fna/TTU2014-143AME.fna	96.3108	1325	1483
fna/Ae52.fna	fna/TTU2014-113AME.fna	96.3095	1306	1483
fna/Ae52.fna	fna/TTU2014-141ASC.fna	96.3066	1331	1483
fna/Ae52.fna	fna/CECT4486.fna	96.3049	1291	1483
fna/Ae52.fna	fna/TTU2014-141AME.fna	96.3036	1329	1483
fna/Ae52.fna	fna/AVNIH1.fna	96.2946	1352	1483
fna/Ae52.fna	fna/TTU2014-130ASC.fna	96.2929	1331	1483
fna/Ae52.fna	fna/TTU2014-140ASC.fna	96.2883	1321	1483
fna/Ae52.fna	fna/TTU2014-125ASC.fna	96.2883	1331	1483
fna/Ae52.fna	fna/TTU2014-130AME.fna	96.2853	1328	1483
fna/Ae52.fna	fna/TTU2014-134AME.fna	96.2801	1332	1483
fna/Ae52.fna	fna/TTU2014-143ASC.fna	96.276	1335	1483
fna/Ae52.fna	fna/TTU2014-134ASC.fna	96.2701	1338	1483
fna/Ae52.fna	fna/CIP107763.fna	96.2305	1286	1483
fna/Ae52.fna	fna/X12.fna	96.2262	1316	1483
fna/Ae52.fna	fna/RU31B.fna	96.1692	1283	1483
fna/Ae52.fna	fna/VBF557.fna	96.0187	1156	1483
fna/B565.fna	fna/B565.fna	100	1515	1517
fna/B565.fna	fna/CECT4257.fna	99.8754	1435	1517
fna/B565.fna	fna/CCM4359.fna	99.8588	1444	1517
fna/B565.fna	fna/AER397.fna	99.6933	1461	1517
fna/B565.fna	fna/AMC35.fna	97.0905	1418	1517
fna/B565.fna	fna/A29.fna	96.6105	1322	1517
fna/B565.fna	fna/AVNIH2.fna	96.577	1357	1517
fna/B565.fna	fna/LMG13067.fna	96.5678	1362	1517
fna/B565.fna	fna/X11.fna	96.5533	1274	1517
fna/B565.fna	fna/Hm21.fna	96.5371	1361	1517
fna/B565.fna	fna/AER39.fna	96.522	1344	1517
fna/B565.fna	fna/ARB3.fna	96.5159	1339	1517
fna/B565.fna	fna/TTU2014-108AME.fna	96.5014	1326	1517
fna/B565.fna	fna/CB51.fna	96.5012	1360	1517
fna/B565.fna	fna/TTU2014-115AME.fna	96.4868	1343	1517
fna/B565.fna	fna/TTU2014-115ASC.fna	96.4845	1343	1517
fna/B565.fna	fna/TTU2014-108ASC.fna	96.478	1333	1517
fna/B565.fna	fna/pamvotica.fna	96.4749	1364	1517
fna/B565.fna	fna/TTU2014-143AME.fna	96.4702	1338	1517
fna/B565.fna	fna/X12.fna	96.4668	1347	1517
fna/B565.fna	fna/CCM7244.fna	96.464	1339	1517
fna/B565.fna	fna/TTU2014-125ASC.fna	96.4639	1337	1517
fna/B565.fna	fna/TTU2014-141ASC.fna	96.4559	1345	1517
fna/B565.fna	fna/TTU2014-140ASC.fna	96.4545	1328	1517
fna/B565.fna	fna/TTU2014-142ASC.fna	96.452	1349	1517
fna/B565.fna	fna/AVNIH1.fna	96.4511	1361	1517
fna/B565.fna	fna/TTU2014-130ASC.fna	96.4502	1348	1517
fna/B565.fna	fna/TTU2014-113AME.fna	96.4467	1318	1517
fna/B565.fna	fna/CECT4486.fna	96.4394	1312	1517
fna/B565.fna	fna/TTU2014-134ASC.fna	96.4392	1342	1517
fna/B565.fna	fna/TTU2014-134AME.fna	96.4328	1351	1517
fna/B565.fna	fna/TTU2014-141AME.fna	96.4306	1350	1517
fna/B565.fna	fna/ML09-123.fna	96.429	1337	1517
fna/B565.fna	fna/TTU2014-143ASC.fna	96.4285	1343	1517
fna/B565.fna	fna/TTU2014-130AME.fna	96.4271	1340	1517
fna/B565.fna	fna/TTU2014-131ASC.fna	96.424	1334	1517
fna/B565.fna	fna/TH0426.fna	96.4133	1372	1517
fna/B565.fna	fna/Ae52.fna	96.3963	1320	1517
fna/B565.fna	fna/CIP107763.fna	96.302	1313	1517
fna/B565.fna	fna/RU31B.fna	96.1898	1308	1517
fna/B565.fna	fna/VBF557.fna	96.1378	1164	1517
fna/CB51.fna	fna/CB51.fna	100	1527	1528
fna/CB51.fna	fna/B565.fna	96.4727	1361	1528
fna/CB51.fna	fna/CCM4359.fna	96.4551	1330	1528
fna/CB51.fna	fna/AMC35.fna	96.4504	1364	1528
fna/CB51.fna	fna/CECT4257.fna	96.4493	1327	1528
fna/CB51.fna	fna/AER397.fna	96.4337	1346	1528
fna/CB51.fna	fna/ARB3.fna	96.4089	1340	1528
fna/CB51.fna	fna/CCM7244.fna	96.4086	1345	1528
fna/CB51.fna	fna/A29.fna	96.3983	1331	1528
fna/CB51.fna	fna/Hm21.fna	96.3935	1375	1528
fna/CB51.fna	fna/AVNIH2.fna	96.3926	1334	1528
fna/CB51.fna	fna/X11.fna	96.3873	1276	1528
fna/CB51.fna	fna/AER39.fna	96.3839	1371	1528
fna/CB51.fna	fna/TTU2014-115AME.fna	96.3734	1347	1528
fna/CB51.fna	fna/TH0426.fna	96.3702	1377	1528
fna/CB51.fna	fna/LMG13067.fna	96.3675	1346	1528
fna/CB51.fna	fna/TTU2014-125ASC.fna	96.3662	1337	1528
fna/CB51.fna	fna/TTU2014-143ASC.fna	96.3637	1342	1528
fna/CB51.fna	fna/TTU2014-115ASC.fna	96.3626	1350	1528
fna/CB51.fna	fna/TTU2014-130AME.fna	96.3607	1342	1528
fna/CB51.fna	fna/TTU2014-134AME.fna	96.3603	1342	1528
fna/CB51.fna	fna/ML09-123.fna	96.3588	1365	1528
fna/CB51.fna	fna/TTU2014-142ASC.fna	96.3584	1348	1528
fna/CB51.fna	fna/TTU2014-108ASC.fna	96.3575	1346	1528
fna/CB51.fna	fna/TTU2014-131ASC.fna	96.3563	1336	1528
fna/CB51.fna	fna/TTU2014-134ASC.fna	96.3551	1344	1528
fna/CB51.fna	fna/Ae52.fna	96.3541	1325	1528
fna/CB51.fna	fna/TTU2014-108AME.fna	96.3538	1343	1528
fna/CB51.fna	fna/TTU2014-143AME.fna	96.3487	1345	1528
fna/CB51.fna	fna/TTU2014-141AME.fna	96.3406	1349	1528
fna/CB51.fna	fna/TTU2014-140ASC.fna	96.3404	1343	1528
fna/CB51.fna	fna/TTU2014-113AME.fna	96.34	1324	1528
fna/CB51.fna	fna/TTU2014-141ASC.fna	96.3347	1349	1528
fna/CB51.fna	fna/pamvotica.fna	96.3341	1362	1528
fna/CB51.fna	fna/CECT4486.fna	96.3276	1340	1528
fna/CB51.fna	fna/TTU2014-130ASC.fna	96.3203	1348	1528
fna/CB51.fna	fna/CIP107763.fna	96.2881	1324	1528
fna/CB51.fna	fna/X12.fna	96.2467	1373	1528
fna/CB51.fna	fna/AVNIH1.fna	96.236	1363	1528
fna/CB51.fna	fna/RU31B.fna	96.1971	1329	1528
fna/CB51.fna	fna/VBF557.fna	96.1083	1167	1528
fna/CCM4359.fna	fna/CCM4359.fna	100	1483	1484
fna/CCM4359.fna	fna/CECT4257.fna	99.9737	1458	1484
fna/CCM4359.fna	fna/B565.fna	99.8748	1443	1484
fna/CCM4359.fna	fna/AER397.fna	99.7237	1448	1484
fna/CCM4359.fna	fna/AMC35.fna	96.9818	1407	1484
fna/CCM4359.fna	fna/A29.fna	96.5959	1306	1484
fna/CCM4359.fna	fna/Hm21.fna	96.5431	1324	1484
fna/CCM4359.fna	fna/LMG13067.fna	96.54	1341	1484
fna/CCM4359.fna	fna/TTU2014-108AME.fna	96.5249	1324	1484
fna/CCM4359.fna	fna/X11.fna	96.5213	1248	1484
fna/CCM4359.fna	fna/TTU2014-108ASC.fna	96.5202	1324	1484
fna/CCM4359.fna	fna/AER39.fna	96.5182	1316	1484
fna/CCM4359.fna	fna/TTU2014-115ASC.fna	96.5076	1325	1484
fna/CCM4359.fna	fna/TTU2014-115AME.fna	96.4959	1331	1484
fna/CCM4359.fna	fna/AVNIH2.fna	96.4829	1341	1484
fna/CCM4359.fna	fna/ARB3.fna	96.4698	1331	1484
fna/CCM4359.fna	fna/ML09-123.fna	96.4581	1321	1484
fna/CCM4359.fna	fna/TTU2014-113AME.fna	96.4523	1311	1484
fna/CCM4359.fna	fna/Ae52.fna	96.4428	1316	1484
fna/CCM4359.fna	fna/TTU2014-143AME.fna	96.4394	1331	1484
fna/CCM4359.fna	fna/CCM7244.fna	96.4256	1323	1484
fna/CCM4359.fna	fna/TTU2014-140ASC.fna	96.4254	1329	1484
fna/CCM4359.fna	fna/TTU2014-130ASC.fna	96.4252	1335	1484
fna/CCM4359.fna	fna/TTU2014-134AME.fna	96.4214	1336	1484
fna/CCM4359.fna	fna/TTU2014-143ASC.fna	96.4212	1335	1484
fna/CCM4359.fna	fna/TTU2014-125ASC.fna	96.4192	1336	1484
fna/CCM4359.fna	fna/TTU2014-134ASC.fna	96.4184	1337	1484
fna/CCM4359.fna	fna/CECT4486.fna	96.4165	1311	1484
fna/CCM4359.fna	fna/TTU2014-141ASC.fna	96.4164	1340	1484
fna/CCM4359.fna	fna/TTU2014-131ASC.fna	96.4157	1329	1484
fna/CCM4359.fna	fna/TTU2014-141AME.fna	96.4088	1339	1484
fna/CCM4359.fna	fna/TTU2014-130AME.fna	96.4042	1335	1484
fna/CCM4359.fna	fna/TTU2014-142ASC.fna	96.4022	1344	1484
fna/CCM4359.fna	fna/CB51.fna	96.3968	1325	1484
fna/CCM4359.fna	fna/TH0426.fna	96.3813	1334	1484
fna/CCM4359.fna	fna/CIP107763.fna	96.3781	1297	1484
fna/CCM4359.fna	fna/X12.fna	96.3143	1328	1484
fna/CCM4359.fna	fna/pamvotica.fna	96.28	1352	1484
fna/CCM4359.fna	fna/AVNIH1.fna	96.2689	1361	1484
fna/CCM4359.fna	fna/RU31B.fna	96.1977	1303	1484
fna/CCM4359.fna	fna/VBF557.fna	96.0921	1154	1484
fna/CCM7244.fna	fna/CCM7244.fna	100	1446	1449
fna/CCM7244.fna	fna/CECT4486.fna	99.9544	1422	1449
fna/CCM7244.fna	fna/LMG13067.fna	96.5168	1316	1449
fna/CCM7244.fna	fna/A29.fna	96.4995	1326	1449
fna/CCM7244.fna	fna/CCM4359.fna	96.4623	1321	1449
fna/CCM7244.fna	fna/X11.fna	96.4603	1242	1449
fna/CCM7244.fna	fna/AVNIH2.fna	96.4587	1320	1449
fna/CCM7244.fna	fna/TTU2014-113AME.fna	96.4501	1312	1449
fna/CCM7244.fna	fna/ML09-123.fna	96.4478	1335	1449
fna/CCM7244.fna	fna/TTU2014-125ASC.fna	96.4373	1339	1449
fna/CCM7244.fna	fna/ARB3.fna	96.4337	1355	1449
fna/CCM7244.fna	fna/TTU2014-142ASC.fna	96.4327	1343	1449
fna/CCM7244.fna	fna/AER39.fna	96.431	1334	1449
fna/CCM7244.fna	fna/TTU2014-131ASC.fna	96.4308	1333	1449
fna/CCM7244.fna	fna/TTU2014-130AME.fna	96.4306	1336	1449
fna/CCM7244.fna	fna/TTU2014-134ASC.fna	96.428	1346	1449
fna/CCM7244.fna	fna/TTU2014-141ASC.fna	96.4278	1341	1449
fna/CCM7244.fna	fna/CECT4257.fna	96.4255	1317	1449
fna/CCM7244.fna	fna/TTU2014-134AME.fna	96.4247	1345	1449
fna/CCM7244.fna	fna/B565.fna	96.4246	1343	1449
fna/CCM7244.fna	fna/TTU2014-143AME.fna	96.4189	1337	1449
fna/CCM7244.fna	fna/TTU2014-140ASC.fna	96.4187	1323	1449
fna/CCM7244.fna	fna/TTU2014-143ASC.fna	96.4173	1342	1449
fna/CCM7244.fna	fna/TTU2014-115AME.fna	96.4172	1347	1449
fna/CCM7244.fna	fna/TTU2014-115ASC.fna	96.4162	1349	1449
fna/CCM7244.fna	fna/TTU2014-108ASC.fna	96.4111	1344	1449
fna/CCM7244.fna	fna/TTU2014-141AME.fna	96.4094	1340	1449
fna/CCM7244.fna	fna/AMC35.fna	96.4063	1343	1449
fna/CCM7244.fna	fna/TTU2014-108AME.fna	96.4011	1348	1449
fna/CCM7244.fna	fna/TTU2014-130ASC.fna	96.3986	1343	1449
fna/CCM7244.fna	fna/CIP107763.fna	96.3941	1322	1449
fna/CCM7244.fna	fna/CB51.fna	96.3936	1349	1449
fna/CCM7244.fna	fna/AER397.fna	96.3924	1343	1449
fna/CCM7244.fna	fna/pamvotica.fna	96.3895	1353	1449
fna/CCM7244.fna	fna/Hm21.fna	96.3822	1357	1449
fna/CCM7244.fna	fna/TH0426.fna	96.3786	1350	1449
fna/CCM7244.fna	fna/X12.fna	96.3564	1354	1449
fna/CCM7244.fna	fna/Ae52.fna	96.3423	1306	1449
fna/CCM7244.fna	fna/AVNIH1.fna	96.2935	1327	1449
fna/CCM7244.fna	fna/RU31B.fna	96.2104	1316	1449
fna/CCM7244.fna	fna/VBF557.fna	96.1868	1183	1449
fna/CECT4257.fna	fna/CECT4257.fna	100	1480	1482
fna/CECT4257.fna	fna/CCM4359.fna	99.9845	1468	1482
fna/CECT4257.fna	fna/B565.fna	99.8893	1440	1482
fna/CECT4257.fna	fna/AER397.fna	99.7336	1442	1482
fna/CECT4257.fna	fna/AMC35.fna	97.0148	1402	1482
fna/CECT4257.fna	fna/LMG13067.fna	96.6198	1343	1482
fna/CECT4257.fna	fna/A29.fna	96.591	1315	1482
fna/CECT4257.fna	fna/Hm21.fna	96.5684	1329	1482
fna/CECT4257.fna	fna/X11.fna	96.5552	1250	1482
fna/CECT4257.fna	fna/AER39.fna	96.542	1318	1482
fna/CECT4257.fna	fna/ARB3.fna	96.5115	1325	1482
fna/CECT4257.fna	fna/ML09-123.fna	96.477	1324	1482
fna/CECT4257.fna	fna/AVNIH2.fna	96.4762	1350	1482
fna/CECT4257.fna	fna/TH0426.fna	96.4752	1321	1482
fna/CECT4257.fna	fna/TTU2014-113AME.fna	96.4616	1316	1482
fna/CECT4257.fna	fna/CCM7244.fna	96.4551	1316	1482
fna/CECT4257.fna	fna/TTU2014-125ASC.fna	96.4538	1337	1482
fna/CECT4257.fna	fna/TTU2014-130ASC.fna	96.4529	1334	1482
fna/CECT4257.fna	fna/TTU2014-108ASC.fna	96.4477	1340	1482
fna/CECT4257.fna	fna/TTU2014-143AME.fna	96.4459	1339	1482
fna/CECT4257.fna	fna/CECT4486.fna	96.4454	1320	1482
fna/CECT4257.fna	fna/TTU2014-141ASC.fna	96.4432	1337	1482
fna/CECT4257.fna	fna/TTU2014-142ASC.fna	96.443	1341	1482
fna/CECT4257.fna	fna/TTU2014-108AME.fna	96.4426	1337	1482
fna/CECT4257.fna	fna/TTU2014-130AME.fna	96.4423	1337	1482
fna/CECT4257.fna	fna/TTU2014-131ASC.fna	96.4398	1328	1482
fna/CECT4257.fna	fna/TTU2014-140ASC.fna	96.4393	1329	1482
fna/CECT4257.fna	fna/TTU2014-141AME.fna	96.4353	1340	1482
fna/CECT4257.fna	fna/TTU2014-115AME.fna	96.4347	1336	1482
fna/CECT4257.fna	fna/TTU2014-134AME.fna	96.4325	1339	1482
fna/CECT4257.fna	fna/TTU2014-115ASC.fna	96.4282	1342	1482
fna/CECT4257.fna	fna/TTU2014-143ASC.fna	96.4273	1339	1482
fna/CECT4257.fna	fna/Ae52.fna	96.427	1316	1482
fna/CECT4257.fna	fna/TTU2014-134ASC.fna	96.4254	1337	1482
fna/CECT4257.fna	fna/CB51.fna	96.4237	1325	1482
fna/CECT4257.fna	fna/X12.fna	96.3545	1325	1482
fna/CECT4257.fna	fna/pamvotica.fna	96.346	1339	1482
fna/CECT4257.fna	fna/AVNIH1.fna	96.3224	1340	1482
fna/CECT4257.fna	fna/CIP107763.fna	96.3107	1309	1482
fna/CECT4257.fna	fna/RU31B.fna	96.2341	1299	1482
fna/CECT4257.fna	fna/VBF557.fna	96.0298	1168	1482
fna/CECT4486.fna	fna/CECT4486.fna	100	1435	1438
fna/CECT4486.fna	fna/CCM7244.fna	99.9855	1426	1438
fna/CECT4486.fna	fna/A29.fna	96.5259	1315	1438
fna/CECT4486.fna	fna/LMG13067.fna	96.4797	1315	1438
fna/CECT4486.fna	fna/TTU2014-125ASC.fna	96.4677	1334	1438
fna/CECT4486.fna	fna/AVNIH2.fna	96.4664	1306	1438
fna/CECT4486.fna	fna/TTU2014-143AME.fna	96.462	1329	1438
fna/CECT4486.fna	fna/TTU2014-141ASC.fna	96.4567	1332	1438
fna/CECT4486.fna	fna/TTU2014-134AME.fna	96.4564	1336	1438
fna/CECT4486.fna	fna/ARB3.fna	96.4549	1339	1438
fna/CECT4486.fna	fna/B565.fna	96.4542	1321	1438
fna/CECT4486.fna	fna/TTU2014-142ASC.fna	96.4536	1335	1438
fna/CECT4486.fna	fna/TTU2014-113AME.fna	96.4516	1311	1438
fna/CECT4486.fna	fna/TTU2014-131ASC.fna	96.4504	1326	1438
fna/CECT4486.fna	fna/TTU2014-134ASC.fna	96.4496	1335	1438
fna/CECT4486.fna	fna/TTU2014-143ASC.fna	96.4444	1332	1438
fna/CECT4486.fna	fna/TTU2014-141AME.fna	96.4413	1333	1438
fna/CECT4486.fna	fna/Hm21.fna	96.441	1339	1438
fna/CECT4486.fna	fna/TTU2014-130AME.fna	96.4384	1336	1438
fna/CECT4486.fna	fna/AER397.fna	96.4349	1330	1438
fna/CECT4486.fna	fna/TTU2014-140ASC.fna	96.4336	1329	1438
fna/CECT4486.fna	fna/TTU2014-130ASC.fna	96.4322	1339	1438
fna/CECT4486.fna	fna/TTU2014-108AME.fna	96.4278	1337	1438
fna/CECT4486.fna	fna/AER39.fna	96.4259	1317	1438
fna/CECT4486.fna	fna/AMC35.fna	96.4254	1337	1438
fna/CECT4486.fna	fna/ML09-123.fna	96.4224	1330	1438
fna/CECT4486.fna	fna/TTU2014-115ASC.fna	96.4206	1332	1438
fna/CECT4486.fna	fna/CCM4359.fna	96.4136	1319	1438
fna/CECT4486.fna	fna/CIP107763.fna	96.4086	1316	1438
fna/CECT4486.fna	fna/pamvotica.fna	96.3983	1354	1438
fna/CECT4486.fna	fna/TTU2014-115AME.fna	96.3967	1344	1438
fna/CECT4486.fna	fna/CB51.fna	96.391	1344	1438
fna/CECT4486.fna	fna/TH0426.fna	96.3899	1334	1438
fna/CECT4486.fna	fna/TTU2014-108ASC.fna	96.3861	1339	1438
fna/CECT4486.fna	fna/CECT4257.fna	96.3849	1325	1438
fna/CECT4486.fna	fna/Ae52.fna	96.3609	1290	1438
fna/CECT4486.fna	fna/X11.fna	96.3579	1239	1438
fna/CECT4486.fna	fna/X12.fna	96.344	1341	1438
fna/CECT4486.fna	fna/AVNIH1.fna	96.2784	1322	1438
fna/CECT4486.fna	fna/RU31B.fna	96.2059	1312	1438
fna/CECT4486.fna	fna/VBF557.fna	96.1801	1182	1438
fna/CIP107763.fna	fna/CIP107763.fna	100	1446	1448
fna/CIP107763.fna	fna/CCM7244.fna	96.4305	1320	1448
fna/CIP107763.fna	fna/CECT4486.fna	96.399	1308	1448
fna/CIP107763.fna	fna/AVNIH2.fna	96.3425	1299	1448
fna/CIP107763.fna	fna/AER397.fna	96.3345	1315	1448
fna/CIP107763.fna	fna/B565.fna	96.3274	1317	1448
fna/CIP107763.fna	fna/ML09-123.fna	96.322	1315	1448
fna/CIP107763.fna	fna/A29.fna	96.3204	1330	1448
fna/CIP107763.fna	fna/AMC35.fna	96.3199	1306	1448
fna/CIP107763.fna	fna/AER39.fna	96.3171	1314	1448
fna/CIP107763.fna	fna/CCM4359.fna	96.3095	1312	1448
fna/CIP107763.fna	fna/CECT4257.fna	96.3089	1320	1448
fna/CIP107763.fna	fna/TTU2014-115AME.fna	96.2964	1326	1448
fna/CIP107763.fna	fna/X12.fna	96.293	1329	1448
fna/CIP107763.fna	fna/LMG13067.fna	96.2917	1310	1448
fna/CIP107763.fna	fna/TTU2014-115ASC.fna	96.2891	1332	1448
fna/CIP107763.fna	fna/Hm21.fna	96.2846	1336	1448
fna/CIP107763.fna	fna/TTU2014-108ASC.fna	96.2815	1332	1448
fna/CIP107763.fna	fna/TTU2014-108AME.fna	96.2781	1334	1448
fna/CIP107763.fna	fna/TTU2014-113AME.fna	96.2759	1310	1448
fna/CIP107763.fna	fna/TH0426.fna	96.263	1324	1448
fna/CIP107763.fna	fna/CB51.fna	96.2502	1337	1448
fna/CIP107763.fna	fna/ARB3.fna	96.246	1335	1448
fna/CIP107763.fna	fna/TTU2014-131ASC.fna	96.2433	1333	1448
fna/CIP107763.fna	fna/TTU2014-134ASC.fna	96.2424	1342	1448
fna/CIP107763.fna	fna/TTU2014-125ASC.fna	96.2411	1342	1448
fna/CIP107763.fna	fna/TTU2014-134AME.fna	96.2331	1343	1448
fna/CIP107763.fna	fna/TTU2014-143ASC.fna	96.2286	1335	1448
fna/CIP107763.fna	fna/TTU2014-140ASC.fna	96.2208	1332	1448
fna/CIP107763.fna	fna/Ae52.fna	96.2147	1295	1448
fna/CIP107763.fna	fna/X11.fna	96.213	1241	1448
fna/CIP107763.fna	fna/TTU2014-130AME.fna	96.2092	1345	1448
fna/CIP107763.fna	fna/AVNIH1.fna	96.2015	1310	1448
fna/CIP107763.fna	fna/pamvotica.fna	96.1999	1350	1448
fna/CIP107763.fna	fna/TTU2014-130ASC.fna	96.1879	1352	1448
fna/CIP107763.fna	fna/TTU2014-141ASC.fna	96.1826	1348	1448
fna/CIP107763.fna	fna/TTU2014-142ASC.fna	96.1789	1349	1448
fna/CIP107763.fna	fna/TTU2014-141AME.fna	96.1675	1349	1448
fna/CIP107763.fna	fna/TTU2014-143AME.fna	96.1668	1350	1448
fna/CIP107763.fna	fna/VBF557.fna	96.0364	1166	1448
fna/CIP107763.fna	fna/RU31B.fna	96.0361	1300	1448
fna/Hm21.fna	fna/Hm21.fna	100	1585	1588
fna/Hm21.fna	fna/A29.fna	96.586	1368	1588
fna/Hm21.fna	fna/AVNIH2.fna	96.5511	1335	1588
fna/Hm21.fna	fna/AMC35.fna	96.4952	1355	1588
fna/Hm21.fna	fna/TH0426.fna	96.4887	1428	1588
fna/Hm21.fna	fna/B565.fna	96.4885	1379	1588
fna/Hm21.fna	fna/AER39.fna	96.4885	1386	1588
fna/Hm21.fna	fna/CECT4257.fna	96.4876	1340	1588
fna/Hm21.fna	fna/TTU2014-134ASC.fna	96.4822	1375	1588
fna/Hm21.fna	fna/X11.fna	96.4766	1284	1588
fna/Hm21.fna	fna/CCM4359.fna	96.4755	1340	1588
fna/Hm21.fna	fna/ML09-123.fna	96.4607	1415	1588
fna/Hm21.fna	fna/TTU2014-125ASC.fna	96.4587	1382	1588
fna/Hm21.fna	fna/TTU2014-113AME.fna	96.4574	1356	1588
fna/Hm21.fna	fna/TTU2014-140ASC.fna	96.4551	1368	1588
fna/Hm21.fna	fna/TTU2014-142ASC.fna	96.4548	1387	1588
fna/Hm21.fna	fna/TTU2014-134AME.fna	96.4498	1385	1588
fna/Hm21.fna	fna/TTU2014-108ASC.fna	96.4479	1375	1588
fna/Hm21.fna	fna/LMG13067.fna	96.4461	1353	1588
fna/Hm21.fna	fna/TTU2014-143ASC.fna	96.445	1378	1588
fna/Hm21.fna	fna/TTU2014-130ASC.fna	96.4427	1378	1588
fna/Hm21.fna	fna/TTU2014-130AME.fna	96.4417	1379	1588
fna/Hm21.fna	fna/AER397.fna	96.4413	1368	1588
fna/Hm21.fna	fna/TTU2014-108AME.fna	96.4397	1376	1588
fna/Hm21.fna	fna/TTU2014-143AME.fna	96.4396	1382	1588
fna/Hm21.fna	fna/TTU2014-141AME.fna	96.4394	1384	1588
fna/Hm21.fna	fna/ARB3.fna	96.4359	1383	1588
fna/Hm21.fna	fna/TTU2014-141ASC.fna	96.4351	1381	1588
fna/Hm21.fna	fna/TTU2014-131ASC.fna	96.4343	1373	1588
fna/Hm21.fna	fna/TTU2014-115AME.fna	96.4158	1382	1588
fna/Hm21.fna	fna/TTU2014-115ASC.fna	96.3979	1387	1588
fna/Hm21.fna	fna/pamvotica.fna	96.3825	1405	1588
fna/Hm21.fna	fna/CCM7244.fna	96.3796	1359	1588
fna/Hm21.fna	fna/X12.fna	96.366	1420	1588
fna/Hm21.fna	fna/CB51.fna	96.3569	1386	1588
fna/Hm21.fna	fna/CECT4486.fna	96.3331	1349	1588
fna/Hm21.fna	fna/AVNIH1.fna	96.3205	1351	1588
fna/Hm21.fna	fna/Ae52.fna	96.2853	1328	1588
fna/Hm21.fna	fna/RU31B.fna	96.2292	1365	1588
fna/Hm21.fna	fna/CIP107763.fna	96.2164	1340	1588
fna/Hm21.fna	fna/VBF557.fna	96.1254	1213	1588
fna/LMG13067.fna	fna/LMG13067.fna	100	1541	1547
fna/LMG13067.fna	fna/AVNIH2.fna	96.6695	1359	1547
fna/LMG13067.fna	fna/CCM4359.fna	96.6146	1347	1547
fna/LMG13067.fna	fna/CECT4257.fna	96.5947	1339	1547
fna/LMG13067.fna	fna/A29.fna	96.59	1316	1547
fna/LMG13067.fna	fna/AER397.fna	96.545	1358	1547
fna/LMG13067.fna	fna/B565.fna	96.5263	1373	1547
fna/LMG13067.fna	fna/AMC35.fna	96.5069	1350	1547
fna/LMG13067.fna	fna/ARB3.fna	96.4901	1318	1547
fna/LMG13067.fna	fna/TTU2014-115AME.fna	96.4767	1333	1547
fna/LMG13067.fna	fna/TTU2014-108AME.fna	96.4762	1331	1547
fna/LMG13067.fna	fna/AER39.fna	96.4719	1322	1547
fna/LMG13067.fna	fna/Hm21.fna	96.4664	1355	1547
fna/LMG13067.fna	fna/TTU2014-108ASC.fna	96.4546	1331	1547
fna/LMG13067.fna	fna/TTU2014-115ASC.fna	96.4517	1334	1547
fna/LMG13067.fna	fna/CCM7244.fna	96.4405	1327	1547
fna/LMG13067.fna	fna/TTU2014-113AME.fna	96.4394	1313	1547
fna/LMG13067.fna	fna/TTU2014-141AME.fna	96.4326	1336	1547
fna/LMG13067.fna	fna/TTU2014-134ASC.fna	96.4302	1334	1547
fna/LMG13067.fna	fna/TTU2014-142ASC.fna	96.4253	1336	1547
fna/LMG13067.fna	fna/TTU2014-130AME.fna	96.4241	1336	1547
fna/LMG13067.fna	fna/CECT4486.fna	96.4195	1312	1547
fna/LMG13067.fna	fna/TTU2014-131ASC.fna	96.415	1324	1547
fna/LMG13067.fna	fna/TTU2014-140ASC.fna	96.4146	1328	1547
fna/LMG13067.fna	fna/TTU2014-134AME.fna	96.4146	1341	1547
fna/LMG13067.fna	fna/TTU2014-143ASC.fna	96.4069	1331	1547
fna/LMG13067.fna	fna/X11.fna	96.4064	1295	1547
fna/LMG13067.fna	fna/TTU2014-130ASC.fna	96.4019	1341	1547
fna/LMG13067.fna	fna/TTU2014-141ASC.fna	96.4018	1338	1547
fna/LMG13067.fna	fna/ML09-123.fna	96.3973	1337	1547
fna/LMG13067.fna	fna/TTU2014-143AME.fna	96.3906	1340	1547
fna/LMG13067.fna	fna/TTU2014-125ASC.fna	96.3905	1337	1547
fna/LMG13067.fna	fna/CB51.fna	96.389	1342	1547
fna/LMG13067.fna	fna/pamvotica.fna	96.3609	1339	1547
fna/LMG13067.fna	fna/AVNIH1.fna	96.3455	1356	1547
fna/LMG13067.fna	fna/X12.fna	96.342	1323	1547
fna/LMG13067.fna	fna/TH0426.fna	96.3342	1353	1547
fna/LMG13067.fna	fna/CIP107763.fna	96.3134	1303	1547
fna/LMG13067.fna	fna/Ae52.fna	96.2774	1334	1547
fna/LMG13067.fna	fna/RU31B.fna	96.1653	1310	1547
fna/LMG13067.fna	fna/VBF557.fna	96.138	1164	1547
fna/ML09-123.fna	fna/ML09-123.fna	100	1567	1569
fna/ML09-123.fna	fna/TH0426.fna	99.9273	1530	1569
fna/ML09-123.fna	fna/AVNIH2.fna	96.4841	1323	1569
fna/ML09-123.fna	fna/CCM4359.fna	96.4838	1321	1569
fna/ML09-123.fna	fna/B565.fna	96.4771	1332	1569
fna/ML09-123.fna	fna/ARB3.fna	96.4745	1364	1569
fna/ML09-123.fna	fna/A29.fna	96.4607	1352	1569
fna/ML09-123.fna	fna/LMG13067.fna	96.46	1339	1569
fna/ML09-123.fna	fna/Hm21.fna	96.4524	1408	1569
fna/ML09-123.fna	fna/CECT4257.fna	96.4496	1319	1569
fna/ML09-123.fna	fna/AER39.fna	96.441	1364	1569
fna/ML09-123.fna	fna/TTU2014-115ASC.fna	96.4379	1364	1569
fna/ML09-123.fna	fna/TTU2014-115AME.fna	96.4322	1366	1569
fna/ML09-123.fna	fna/AER397.fna	96.4257	1341	1569
fna/ML09-123.fna	fna/TTU2014-108AME.fna	96.4149	1367	1569
fna/ML09-123.fna	fna/TTU2014-113AME.fna	96.4123	1349	1569
fna/ML09-123.fna	fna/TTU2014-130AME.fna	96.4088	1365	1569
fna/ML09-123.fna	fna/TTU2014-108ASC.fna	96.4084	1367	1569
fna/ML09-123.fna	fna/TTU2014-125ASC.fna	96.4041	1362	1569
fna/ML09-123.fna	fna/TTU2014-141AME.fna	96.4016	1373	1569
fna/ML09-123.fna	fna/TTU2014-134ASC.fna	96.4004	1369	1569
fna/ML09-123.fna	fna/TTU2014-134AME.fna	96.3979	1368	1569
fna/ML09-123.fna	fna/AMC35.fna	96.3963	1347	1569
fna/ML09-123.fna	fna/TTU2014-131ASC.fna	96.3888	1362	1569
fna/ML09-123.fna	fna/TTU2014-141ASC.fna	96.3847	1371	1569
fna/ML09-123.fna	fna/Ae52.fna	96.3808	1326	1569
fna/ML09-123.fna	fna/CCM7244.fna	96.3798	1351	1569
fna/ML09-123.fna	fna/TTU2014-143ASC.fna	96.3782	1368	1569
fna/ML09-123.fna	fna/TTU2014-140ASC.fna	96.3769	1357	1569
fna/ML09-123.fna	fna/TTU2014-143AME.fna	96.3755	1368	1569
fna/ML09-123.fna	fna/TTU2014-142ASC.fna	96.3751	1375	1569
fna/ML09-123.fna	fna/TTU2014-130ASC.fna	96.3727	1371	1569
fna/ML09-123.fna	fna/CECT4486.fna	96.348	1339	1569
fna/ML09-123.fna	fna/X11.fna	96.3427	1255	1569
fna/ML09-123.fna	fna/AVNIH1.fna	96.325	1330	1569
fna/ML09-123.fna	fna/CB51.fna	96.301	1369	1569
fna/ML09-123.fna	fna/X12.fna	96.295	1399	1569
fna/ML09-123.fna	fna/pamvotica.fna	96.2685	1397	1569
fna/ML09-123.fna	fna/RU31B.fna	96.2609	1342	1569
fna/ML09-123.fna	fna/CIP107763.fna	96.1873	1333	1569
fna/ML09-123.fna	fna/VBF557.fna	96.0838	1192	1569
fna/RU31B.fna	fna/RU31B.fna	100	1461	1464
fna/RU31B.fna	fna/A29.fna	96.3809	1325	1464
fna/RU31B.fna	fna/X12.fna	96.3527	1387	1464
fna/RU31B.fna	fna/AER39.fna	96.3019	1340	1464
fna/RU31B.fna	fna/AVNIH2.fna	96.2685	1291	1464
fna/RU31B.fna	fna/TH0426.fna	96.2527	1346	1464
fna/RU31B.fna	fna/ML09-123.fna	96.2517	1352	1464
fna/RU31B.fna	fna/ARB3.fna	96.2368	1342	1464
fna/RU31B.fna	fna/AMC35.fna	96.2353	1307	1464
fna/RU31B.fna	fna/AER397.fna	96.2302	1311	1464
fna/RU31B.fna	fna/TTU2014-108ASC.fna	96.2226	1320	1464
fna/RU31B.fna	fna/AVNIH1.fna	96.2134	1300	1464
fna/RU31B.fna	fna/TTU2014-115ASC.fna	96.2119	1327	1464
fna/RU31B.fna	fna/CB51.fna	96.2065	1333	1464
fna/RU31B.fna	fna/TTU2014-143ASC.fna	96.2003	1340	1464
fna/RU31B.fna	fna/TTU2014-141AME.fna	96.1969	1341	1464
fna/RU31B.fna	fna/TTU2014-108AME.fna	96.1868	1326	1464
fna/RU31B.fna	fna/LMG13067.fna	96.1841	1304	1464
fna/RU31B.fna	fna/B565.fna	96.1807	1318	1464
fna/RU31B.fna	fna/TTU2014-130ASC.fna	96.177	1335	1464
fna/RU31B.fna	fna/TTU2014-142ASC.fna	96.1766	1347	1464
fna/RU31B.fna	fna/TTU2014-134ASC.fna	96.1739	1340	1464
fna/RU31B.fna	fna/CCM4359.fna	96.1687	1307	1464
fna/RU31B.fna	fna/Hm21.fna	96.1682	1376	1464
fna/RU31B.fna	fna/CECT4257.fna	96.167	1297	1464
fna/RU31B.fna	fna/TTU2014-141ASC.fna	96.1669	1342	1464
fna/RU31B.fna	fna/TTU2014-113AME.fna	96.1668	1320	1464
fna/RU31B.fna	fna/TTU2014-140ASC.fna	96.1621	1332	1464
fna/RU31B.fna	fna/TTU2014-131ASC.fna	96.1594	1336	1464
fna/RU31B.fna	fna/TTU2014-125ASC.fna	96.1593	1342	1464
fna/RU31B.fna	fna/TTU2014-134AME.fna	96.1573	1343	1464
fna/RU31B.fna	fna/TTU2014-130AME.fna	96.1564	1334	1464
fna/RU31B.fna	fna/CECT4486.fna	96.1549	1310	1464
fna/RU31B.fna	fna/TTU2014-143AME.fna	96.153	1338	1464
fna/RU31B.fna	fna/pamvotica.fna	96.1524	1343	1464
fna/RU31B.fna	fna/Ae52.fna	96.1507	1294	1464
fna/RU31B.fna	fna/X11.fna	96.1414	1235	1464
fna/RU31B.fna	fna/TTU2014-115AME.fna	96.1408	1332	1464
fna/RU31B.fna	fna/CCM7244.fna	96.134	1327	1464
fna/RU31B.fna	fna/CIP107763.fna	96.0114	1309	1464
fna/RU31B.fna	fna/VBF557.fna	95.9396	1179	1464
fna/TH0426.fna	fna/TH0426.fna	100	1622	1641
fna/TH0426.fna	fna/ML09-123.fna	99.9106	1526	1641
fna/TH0426.fna	fna/Hm21.fna	96.4927	1423	1641
fna/TH0426.fna	fna/A29.fna	96.4698	1359	1641
fna/TH0426.fna	fna/ARB3.fna	96.4495	1384	1641
fna/TH0426.fna	fna/AER39.fna	96.4486	1390	1641
fna/TH0426.fna	fna/AER397.fna	96.4368	1351	1641
fna/TH0426.fna	fna/CECT4257.fna	96.418	1328	1641
fna/TH0426.fna	fna/TTU2014-113AME.fna	96.4047	1343	1641
fna/TH0426.fna	fna/B565.fna	96.4035	1368	1641
fna/TH0426.fna	fna/TTU2014-125ASC.fna	96.3981	1367	1641
fna/TH0426.fna	fna/CCM4359.fna	96.3874	1339	1641
fna/TH0426.fna	fna/AVNIH2.fna	96.3848	1345	1641
fna/TH0426.fna	fna/TTU2014-115AME.fna	96.3792	1369	1641
fna/TH0426.fna	fna/TTU2014-143AME.fna	96.3756	1372	1641
fna/TH0426.fna	fna/TTU2014-108AME.fna	96.3747	1363	1641
fna/TH0426.fna	fna/TTU2014-140ASC.fna	96.3707	1365	1641
fna/TH0426.fna	fna/TTU2014-142ASC.fna	96.3707	1374	1641
fna/TH0426.fna	fna/TTU2014-130AME.fna	96.3689	1372	1641
fna/TH0426.fna	fna/TTU2014-143ASC.fna	96.3689	1369	1641
fna/TH0426.fna	fna/TTU2014-131ASC.fna	96.3656	1364	1641
fna/TH0426.fna	fna/TTU2014-115ASC.fna	96.3583	1375	1641
fna/TH0426.fna	fna/TTU2014-134ASC.fna	96.3574	1372	1641
fna/TH0426.fna	fna/CECT4486.fna	96.3542	1336	1641
fna/TH0426.fna	fna/TTU2014-108ASC.fna	96.3539	1371	1641
fna/TH0426.fna	fna/TTU2014-141ASC.fna	96.3537	1375	1641
fna/TH0426.fna	fna/CCM7244.fna	96.3451	1357	1641
fna/TH0426.fna	fna/LMG13067.fna	96.3444	1344	1641
fna/TH0426.fna	fna/TTU2014-134AME.fna	96.3365	1379	1641
fna/TH0426.fna	fna/TTU2014-130ASC.fna	96.334	1381	1641
fna/TH0426.fna	fna/CB51.fna	96.3311	1380	1641
fna/TH0426.fna	fna/TTU2014-141AME.fna	96.3253	1382	1641
fna/TH0426.fna	fna/AMC35.fna	96.3236	1371	1641
fna/TH0426.fna	fna/X11.fna	96.3098	1272	1641
fna/TH0426.fna	fna/pamvotica.fna	96.3072	1382	1641
fna/TH0426.fna	fna/Ae52.fna	96.2982	1324	1641
fna/TH0426.fna	fna/RU31B.fna	96.2975	1353	1641
fna/TH0426.fna	fna/X12.fna	96.2926	1415	1641
fna/TH0426.fna	fna/AVNIH1.fna	96.2358	1368	1641
fna/TH0426.fna	fna/CIP107763.fna	96.2234	1327	1641
fna/TH0426.fna	fna/VBF557.fna	96.0132	1204	1641
fna/TTU2014-108AME.fna	fna/TTU2014-108AME.fna	100	1484	1486
fna/TTU2014-108AME.fna	fna/TTU2014-108ASC.fna	99.9965	1478	1486
fna/TTU2014-108AME.fna	fna/TTU2014-115ASC.fna	99.996	1479	1486
fna/TTU2014-108AME.fna	fna/TTU2014-115AME.fna	99.9956	1472	1486
fna/TTU2014-108AME.fna	fna/pamvotica.fna	97.7234	1415	1486
fna/TTU2014-108AME.fna	fna/TTU2014-140ASC.fna	97.6593	1408	1486
fna/TTU2014-108AME.fna	fna/TTU2014-134ASC.fna	97.6459	1420	1486
fna/TTU2014-108AME.fna	fna/TTU2014-141ASC.fna	97.6431	1424	1486
fna/TTU2014-108AME.fna	fna/TTU2014-130AME.fna	97.6428	1417	1486
fna/TTU2014-108AME.fna	fna/TTU2014-142ASC.fna	97.6411	1426	1486
fna/TTU2014-108AME.fna	fna/TTU2014-143AME.fna	97.6405	1421	1486
fna/TTU2014-108AME.fna	fna/TTU2014-125ASC.fna	97.6361	1422	1486
fna/TTU2014-108AME.fna	fna/TTU2014-113AME.fna	97.6348	1388	1486
fna/TTU2014-108AME.fna	fna/TTU2014-130ASC.fna	97.6338	1426	1486
fna/TTU2014-108AME.fna	fna/TTU2014-141AME.fna	97.6304	1424	1486
fna/TTU2014-108AME.fna	fna/TTU2014-131ASC.fna	97.6264	1415	1486
fna/TTU2014-108AME.fna	fna/TTU2014-143ASC.fna	97.6117	1425	1486
fna/TTU2014-108AME.fna	fna/TTU2014-134AME.fna	97.6097	1424	1486
fna/TTU2014-108AME.fna	fna/ARB3.fna	96.5522	1372	1486
fna/TTU2014-108AME.fna	fna/CECT4257.fna	96.4613	1327	1486
fna/TTU2014-108AME.fna	fna/B565.fna	96.4595	1354	1486
fna/TTU2014-108AME.fna	fna/ML09-123.fna	96.4524	1350	1486
fna/TTU2014-108AME.fna	fna/CCM4359.fna	96.451	1328	1486
fna/TTU2014-108AME.fna	fna/A29.fna	96.446	1344	1486
fna/TTU2014-108AME.fna	fna/Hm21.fna	96.4451	1380	1486
fna/TTU2014-108AME.fna	fna/AER397.fna	96.4443	1353	1486
fna/TTU2014-108AME.fna	fna/CCM7244.fna	96.4351	1345	1486
fna/TTU2014-108AME.fna	fna/TH0426.fna	96.4335	1356	1486
fna/TTU2014-108AME.fna	fna/AMC35.fna	96.4068	1347	1486
fna/TTU2014-108AME.fna	fna/LMG13067.fna	96.4001	1331	1486
fna/TTU2014-108AME.fna	fna/X11.fna	96.3998	1243	1486
fna/TTU2014-108AME.fna	fna/AER39.fna	96.3965	1345	1486
fna/TTU2014-108AME.fna	fna/AVNIH2.fna	96.395	1338	1486
fna/TTU2014-108AME.fna	fna/CECT4486.fna	96.3937	1331	1486
fna/TTU2014-108AME.fna	fna/Ae52.fna	96.3557	1317	1486
fna/TTU2014-108AME.fna	fna/X12.fna	96.3485	1358	1486
fna/TTU2014-108AME.fna	fna/CB51.fna	96.3045	1357	1486
fna/TTU2014-108AME.fna	fna/VBF557.fna	96.2849	1225	1486
fna/TTU2014-108AME.fna	fna/CIP107763.fna	96.2568	1326	1486
fna/TTU2014-108AME.fna	fna/AVNIH1.fna	96.2519	1325	1486
fna/TTU2014-108AME.fna	fna/RU31B.fna	96.1505	1324	1486
fna/TTU2014-108ASC.fna	fna/TTU2014-108ASC.fna	100	1483	1485
fna/TTU2014-108ASC.fna	fna/TTU2014-108AME.fna	99.9983	1470	1485
fna/TTU2014-108ASC.fna	fna/TTU2014-115ASC.fna	99.9983	1479	1485
fna/TTU2014-108ASC.fna	fna/TTU2014-115AME.fna	99.9967	1472	1485
fna/TTU2014-108ASC.fna	fna/pamvotica.fna	97.6872	1419	1485
fna/TTU2014-108ASC.fna	fna/TTU2014-141ASC.fna	97.666	1420	1485
fna/TTU2014-108ASC.fna	fna/TTU2014-134ASC.fna	97.6649	1416	1485
fna/TTU2014-108ASC.fna	fna/TTU2014-142ASC.fna	97.6617	1422	1485
fna/TTU2014-108ASC.fna	fna/TTU2014-141AME.fna	97.6556	1422	1485
fna/TTU2014-108ASC.fna	fna/TTU2014-131ASC.fna	97.6491	1409	1485
fna/TTU2014-108ASC.fna	fna/TTU2014-134AME.fna	97.6491	1421	1485
fna/TTU2014-108ASC.fna	fna/TTU2014-143ASC.fna	97.6442	1418	1485
fna/TTU2014-108ASC.fna	fna/TTU2014-130AME.fna	97.6424	1418	1485
fna/TTU2014-108ASC.fna	fna/TTU2014-143AME.fna	97.6409	1417	1485
fna/TTU2014-108ASC.fna	fna/TTU2014-140ASC.fna	97.6395	1412	1485
fna/TTU2014-108ASC.fna	fna/TTU2014-130ASC.fna	97.6364	1426	1485
fna/TTU2014-108ASC.fna	fna/TTU2014-113AME.fna	97.6335	1391	1485
fna/TTU2014-108ASC.fna	fna/TTU2014-125ASC.fna	97.6333	1421	1485
fna/TTU2014-108ASC.fna	fna/ARB3.fna	96.5551	1374	1485
fna/TTU2014-108ASC.fna	fna/AER397.fna	96.489	1342	1485
fna/TTU2014-108ASC.fna	fna/ML09-123.fna	96.4653	1353	1485
fna/TTU2014-108ASC.fna	fna/B565.fna	96.4603	1346	1485
fna/TTU2014-108ASC.fna	fna/Hm21.fna	96.4592	1381	1485
fna/TTU2014-108ASC.fna	fna/CCM4359.fna	96.4321	1326	1485
fna/TTU2014-108ASC.fna	fna/AMC35.fna	96.4191	1342	1485
fna/TTU2014-108ASC.fna	fna/AVNIH2.fna	96.415	1337	1485
fna/TTU2014-108ASC.fna	fna/CCM7244.fna	96.4057	1348	1485
fna/TTU2014-108ASC.fna	fna/LMG13067.fna	96.4053	1326	1485
fna/TTU2014-108ASC.fna	fna/A29.fna	96.4044	1343	1485
fna/TTU2014-108ASC.fna	fna/CECT4257.fna	96.3995	1339	1485
fna/TTU2014-108ASC.fna	fna/AER39.fna	96.3931	1338	1485
fna/TTU2014-108ASC.fna	fna/X11.fna	96.3911	1247	1485
fna/TTU2014-108ASC.fna	fna/TH0426.fna	96.3758	1368	1485
fna/TTU2014-108ASC.fna	fna/X12.fna	96.3655	1356	1485
fna/TTU2014-108ASC.fna	fna/Ae52.fna	96.3618	1314	1485
fna/TTU2014-108ASC.fna	fna/CECT4486.fna	96.3509	1331	1485
fna/TTU2014-108ASC.fna	fna/CB51.fna	96.3181	1350	1485
fna/TTU2014-108ASC.fna	fna/VBF557.fna	96.2909	1221	1485
fna/TTU2014-108ASC.fna	fna/AVNIH1.fna	96.2829	1324	1485
fna/TTU2014-108ASC.fna	fna/CIP107763.fna	96.2702	1325	1485
fna/TTU2014-108ASC.fna	fna/RU31B.fna	96.1429	1337	1485
fna/TTU2014-113AME.fna	fna/TTU2014-113AME.fna	100	1497	1500
fna/TTU2014-113AME.fna	fna/TTU2014-134ASC.fna	99.9961	1492	1500
fna/TTU2014-113AME.fna	fna/TTU2014-142ASC.fna	99.996	1493	1500
fna/TTU2014-113AME.fna	fna/TTU2014-141AME.fna	99.996	1491	1500
fna/TTU2014-113AME.fna	fna/TTU2014-134AME.fna	99.9958	1492	1500
fna/TTU2014-113AME.fna	fna/TTU2014-130AME.fna	99.9956	1490	1500
fna/TTU2014-113AME.fna	fna/TTU2014-131ASC.fna	99.9955	1487	1500
fna/TTU2014-113AME.fna	fna/TTU2014-143ASC.fna	99.9954	1490	1500
fna/TTU2014-113AME.fna	fna/TTU2014-130ASC.fna	99.9947	1492	1500
fna/TTU2014-113AME.fna	fna/TTU2014-125ASC.fna	99.9947	1489	1500
fna/TTU2014-113AME.fna	fna/TTU2014-141ASC.fna	99.9933	1495	1500
fna/TTU2014-113AME.fna	fna/TTU2014-143AME.fna	99.9933	1491	1500
fna/TTU2014-113AME.fna	fna/TTU2014-140ASC.fna	99.9929	1481	1500
fna/TTU2014-113AME.fna	fna/pamvotica.fna	97.9906	1402	1500
fna/TTU2014-113AME.fna	fna/TTU2014-115AME.fna	97.6636	1391	1500
fna/TTU2014-113AME.fna	fna/TTU2014-115ASC.fna	97.6609	1396	1500
fna/TTU2014-113AME.fna	fna/TTU2014-108ASC.fna	97.6588	1392	1500
fna/TTU2014-113AME.fna	fna/TTU2014-108AME.fna	97.6517	1391	1500
fna/TTU2014-113AME.fna	fna/ARB3.fna	96.6108	1343	1500
fna/TTU2014-113AME.fna	fna/Hm21.fna	96.5209	1356	1500
fna/TTU2014-113AME.fna	fna/A29.fna	96.4884	1328	1500
fna/TTU2014-113AME.fna	fna/ML09-123.fna	96.4778	1344	1500
fna/TTU2014-113AME.fna	fna/X11.fna	96.4673	1226	1500
fna/TTU2014-113AME.fna	fna/B565.fna	96.4664	1330	1500
fna/TTU2014-113AME.fna	fna/CECT4257.fna	96.463	1314	1500
fna/TTU2014-113AME.fna	fna/LMG13067.fna	96.4616	1307	1500
fna/TTU2014-113AME.fna	fna/AER397.fna	96.4508	1322	1500
fna/TTU2014-113AME.fna	fna/CCM4359.fna	96.4411	1319	1500
fna/TTU2014-113AME.fna	fna/AVNIH2.fna	96.4407	1313	1500
fna/TTU2014-113AME.fna	fna/AER39.fna	96.4302	1327	1500
fna/TTU2014-113AME.fna	fna/CCM7244.fna	96.4296	1320	1500
fna/TTU2014-113AME.fna	fna/AMC35.fna	96.4269	1328	1500
fna/TTU2014-113AME.fna	fna/TH0426.fna	96.4189	1355	1500
fna/TTU2014-113AME.fna	fna/X12.fna	96.3974	1343	1500
fna/TTU2014-113AME.fna	fna/CECT4486.fna	96.3792	1317	1500
fna/TTU2014-113AME.fna	fna/CB51.fna	96.3543	1322	1500
fna/TTU2014-113AME.fna	fna/Ae52.fna	96.3428	1307	1500
fna/TTU2014-113AME.fna	fna/RU31B.fna	96.2918	1320	1500
fna/TTU2014-113AME.fna	fna/CIP107763.fna	96.2749	1312	1500
fna/TTU2014-113AME.fna	fna/AVNIH1.fna	96.2694	1313	1500
fna/TTU2014-113AME.fna	fna/VBF557.fna	96.2428	1198	1500
fna/TTU2014-115AME.fna	fna/TTU2014-115AME.fna	100	1488	1488
fna/TTU2014-115AME.fna	fna/TTU2014-108ASC.fna	99.9992	1477	1488
fna/TTU2014-115AME.fna	fna/TTU2014-108AME.fna	99.9986	1473	1488
fna/TTU2014-115AME.fna	fna/TTU2014-115ASC.fna	99.9977	1480	1488
fna/TTU2014-115AME.fna	fna/pamvotica.fna	97.7247	1421	1488
fna/TTU2014-115AME.fna	fna/TTU2014-140ASC.fna	97.6582	1412	1488
fna/TTU2014-115AME.fna	fna/TTU2014-130AME.fna	97.6539	1411	1488
fna/TTU2014-115AME.fna	fna/TTU2014-113AME.fna	97.6527	1392	1488
fna/TTU2014-115AME.fna	fna/TTU2014-130ASC.fna	97.6465	1423	1488
fna/TTU2014-115AME.fna	fna/TTU2014-125ASC.fna	97.6426	1419	1488
fna/TTU2014-115AME.fna	fna/TTU2014-134AME.fna	97.6393	1420	1488
fna/TTU2014-115AME.fna	fna/TTU2014-131ASC.fna	97.6384	1411	1488
fna/TTU2014-115AME.fna	fna/TTU2014-134ASC.fna	97.6359	1417	1488
fna/TTU2014-115AME.fna	fna/TTU2014-141AME.fna	97.6345	1424	1488
fna/TTU2014-115AME.fna	fna/TTU2014-141ASC.fna	97.6304	1426	1488
fna/TTU2014-115AME.fna	fna/TTU2014-143ASC.fna	97.6275	1421	1488
fna/TTU2014-115AME.fna	fna/TTU2014-143AME.fna	97.6204	1420	1488
fna/TTU2014-115AME.fna	fna/TTU2014-142ASC.fna	97.6182	1428	1488
fna/TTU2014-115AME.fna	fna/ARB3.fna	96.5576	1384	1488
fna/TTU2014-115AME.fna	fna/B565.fna	96.4993	1349	1488
fna/TTU2014-115AME.fna	fna/CECT4257.fna	96.4838	1334	1488
fna/TTU2014-115AME.fna	fna/CCM4359.fna	96.476	1335	1488
fna/TTU2014-115AME.fna	fna/A29.fna	96.4673	1341	1488
fna/TTU2014-115AME.fna	fna/AMC35.fna	96.466	1344	1488
fna/TTU2014-115AME.fna	fna/AER397.fna	96.4557	1353	1488
fna/TTU2014-115AME.fna	fna/Hm21.fna	96.4434	1379	1488
fna/TTU2014-115AME.fna	fna/AVNIH2.fna	96.4398	1335	1488
fna/TTU2014-115AME.fna	fna/CCM7244.fna	96.4348	1344	1488
fna/TTU2014-115AME.fna	fna/ML09-123.fna	96.4304	1357	1488
fna/TTU2014-115AME.fna	fna/X11.fna	96.4195	1241	1488
fna/TTU2014-115AME.fna	fna/LMG13067.fna	96.4195	1338	1488
fna/TTU2014-115AME.fna	fna/TH0426.fna	96.4056	1359	1488
fna/TTU2014-115AME.fna	fna/AER39.fna	96.3999	1347	1488
fna/TTU2014-115AME.fna	fna/CECT4486.fna	96.3943	1334	1488
fna/TTU2014-115AME.fna	fna/Ae52.fna	96.3937	1317	1488
fna/TTU2014-115AME.fna	fna/X12.fna	96.3549	1357	1488
fna/TTU2014-115AME.fna	fna/CB51.fna	96.3525	1355	1488
fna/TTU2014-115AME.fna	fna/AVNIH1.fna	96.2667	1326	1488
fna/TTU2014-115AME.fna	fna/VBF557.fna	96.2607	1227	1488
fna/TTU2014-115AME.fna	fna/CIP107763.fna	96.2596	1339	1488
fna/TTU2014-115AME.fna	fna/RU31B.fna	96.1547	1329	1488
fna/TTU2014-115ASC.fna	fna/TTU2014-115ASC.fna	100	1486	1487
fna/TTU2014-115ASC.fna	fna/TTU2014-108ASC.fna	99.9957	1479	1487
fna/TTU2014-115ASC.fna	fna/TTU2014-115AME.fna	99.9944	1476	1487
fna/TTU2014-115ASC.fna	fna/TTU2014-108AME.fna	99.9938	1473	1487
fna/TTU2014-115ASC.fna	fna/pamvotica.fna	97.7002	1419	1487
fna/TTU2014-115ASC.fna	fna/TTU2014-134ASC.fna	97.666	1418	1487
fna/TTU2014-115ASC.fna	fna/TTU2014-140ASC.fna	97.6626	1410	1487
fna/TTU2014-115ASC.fna	fna/TTU2014-142ASC.fna	97.6552	1425	1487
fna/TTU2014-115ASC.fna	fna/TTU2014-141ASC.fna	97.6545	1426	1487
fna/TTU2014-115ASC.fna	fna/TTU2014-143ASC.fna	97.6515	1419	1487
fna/TTU2014-115ASC.fna	fna/TTU2014-113AME.fna	97.6482	1390	1487
fna/TTU2014-115ASC.fna	fna/TTU2014-131ASC.fna	97.6446	1412	1487
fna/TTU2014-115ASC.fna	fna/TTU2014-125ASC.fna	97.6446	1421	1487
fna/TTU2014-115ASC.fna	fna/TTU2014-141AME.fna	97.6412	1426	1487
fna/TTU2014-115ASC.fna	fna/TTU2014-134AME.fna	97.6396	1424	1487
fna/TTU2014-115ASC.fna	fna/TTU2014-130AME.fna	97.6379	1421	1487
fna/TTU2014-115ASC.fna	fna/TTU2014-143AME.fna	97.6232	1424	1487
fna/TTU2014-115ASC.fna	fna/TTU2014-130ASC.fna	97.6223	1429	1487
fna/TTU2014-115ASC.fna	fna/ARB3.fna	96.5556	1380	1487
fna/TTU2014-115ASC.fna	fna/AER397.fna	96.4865	1345	1487
fna/TTU2014-115ASC.fna	fna/Hm21.fna	96.4619	1373	1487
fna/TTU2014-115ASC.fna	fna/B565.fna	96.4539	1349	1487
fna/TTU2014-115ASC.fna	fna/AVNIH2.fna	96.4359	1333	1487
fna/TTU2014-115ASC.fna	fna/AMC35.fna	96.4308	1341	1487
fna/TTU2014-115ASC.fna	fna/CCM4359.fna	96.4302	1327	1487
fna/TTU2014-115ASC.fna	fna/A29.fna	96.4275	1341	1487
fna/TTU2014-115ASC.fna	fna/CCM7244.fna	96.4269	1347	1487
fna/TTU2014-115ASC.fna	fna/LMG13067.fna	96.4246	1327	1487
fna/TTU2014-115ASC.fna	fna/AER39.fna	96.4226	1338	1487
fna/TTU2014-115ASC.fna	fna/ML09-123.fna	96.4103	1360	1487
fna/TTU2014-115ASC.fna	fna/X11.fna	96.3937	1243	1487
fna/TTU2014-115ASC.fna	fna/CECT4257.fna	96.3932	1338	1487
fna/TTU2014-115ASC.fna	fna/CECT4486.fna	96.3901	1326	1487
fna/TTU2014-115ASC.fna	fna/TH0426.fna	96.3885	1365	1487
fna/TTU2014-115ASC.fna	fna/X12.fna	96.3697	1351	1487
fna/TTU2014-115ASC.fna	fna/Ae52.fna	96.3632	1314	1487
fna/TTU2014-115ASC.fna	fna/CB51.fna	96.3505	1351	1487
fna/TTU2014-115ASC.fna	fna/VBF557.fna	96.2964	1218	1487
fna/TTU2014-115ASC.fna	fna/AVNIH1.fna	96.2872	1323	1487
fna/TTU2014-115ASC.fna	fna/CIP107763.fna	96.2609	1331	1487
fna/TTU2014-115ASC.fna	fna/RU31B.fna	96.1591	1335	1487
fna/TTU2014-125ASC.fna	fna/TTU2014-125ASC.fna	100	1528	1533
fna/TTU2014-125ASC.fna	fna/TTU2014-134ASC.fna	99.9994	1521	1533
fna/TTU2014-125ASC.fna	fna/TTU2014-142ASC.fna	99.9993	1530	1533
fna/TTU2014-125ASC.fna	fna/TTU2014-141ASC.fna	99.999	1526	1533
fna/TTU2014-125ASC.fna	fna/TTU2014-130ASC.fna	99.9975	1525	1533
fna/TTU2014-125ASC.fna	fna/TTU2014-141AME.fna	99.9969	1524	1533
fna/TTU2014-125ASC.fna	fna/TTU2014-134AME.fna	99.9966	1527	1533
fna/TTU2014-125ASC.fna	fna/TTU2014-143ASC.fna	99.9959	1518	1533
fna/TTU2014-125ASC.fna	fna/TTU2014-130AME.fna	99.9936	1515	1533
fna/TTU2014-125ASC.fna	fna/TTU2014-143AME.fna	99.993	1522	1533
fna/TTU2014-125ASC.fna	fna/TTU2014-140ASC.fna	99.9884	1502	1533
fna/TTU2014-125ASC.fna	fna/TTU2014-131ASC.fna	99.9823	1511	1533
fna/TTU2014-125ASC.fna	fna/TTU2014-113AME.fna	99.9666	1478	1533
fna/TTU2014-125ASC.fna	fna/pamvotica.fna	97.9701	1428	1533
fna/TTU2014-125ASC.fna	fna/TTU2014-115ASC.fna	97.6525	1418	1533
fna/TTU2014-125ASC.fna	fna/TTU2014-108ASC.fna	97.6451	1420	1533
fna/TTU2014-125ASC.fna	fna/TTU2014-115AME.fna	97.6432	1420	1533
fna/TTU2014-125ASC.fna	fna/TTU2014-108AME.fna	97.6361	1416	1533
fna/TTU2014-125ASC.fna	fna/ARB3.fna	96.6128	1357	1533
fna/TTU2014-125ASC.fna	fna/AVNIH2.fna	96.4969	1325	1533
fna/TTU2014-125ASC.fna	fna/Hm21.fna	96.4501	1378	1533
fna/TTU2014-125ASC.fna	fna/ML09-123.fna	96.4309	1361	1533
fna/TTU2014-125ASC.fna	fna/B565.fna	96.4302	1350	1533
fna/TTU2014-125ASC.fna	fna/LMG13067.fna	96.4156	1322	1533
fna/TTU2014-125ASC.fna	fna/AER397.fna	96.4143	1341	1533
fna/TTU2014-125ASC.fna	fna/A29.fna	96.4139	1342	1533
fna/TTU2014-125ASC.fna	fna/CCM7244.fna	96.4107	1341	1533
fna/TTU2014-125ASC.fna	fna/AMC35.fna	96.4071	1340	1533
fna/TTU2014-125ASC.fna	fna/TH0426.fna	96.405	1368	1533
fna/TTU2014-125ASC.fna	fna/AER39.fna	96.3976	1340	1533
fna/TTU2014-125ASC.fna	fna/CCM4359.fna	96.3949	1335	1533
fna/TTU2014-125ASC.fna	fna/X11.fna	96.3915	1257	1533
fna/TTU2014-125ASC.fna	fna/CECT4486.fna	96.3842	1334	1533
fna/TTU2014-125ASC.fna	fna/CECT4257.fna	96.3815	1334	1533
fna/TTU2014-125ASC.fna	fna/CB51.fna	96.3695	1344	1533
fna/TTU2014-125ASC.fna	fna/X12.fna	96.3422	1358	1533
fna/TTU2014-125ASC.fna	fna/Ae52.fna	96.3303	1319	1533
fna/TTU2014-125ASC.fna	fna/AVNIH1.fna	96.2302	1341	1533
fna/TTU2014-125ASC.fna	fna/CIP107763.fna	96.2228	1328	1533
fna/TTU2014-125ASC.fna	fna/RU31B.fna	96.2159	1332	1533
fna/TTU2014-125ASC.fna	fna/VBF557.fna	96.1246	1212	1533
fna/TTU2014-130AME.fna	fna/TTU2014-130AME.fna	100	1528	1531
fna/TTU2014-130AME.fna	fna/TTU2014-141ASC.fna	99.9991	1523	1531
fna/TTU2014-130AME.fna	fna/TTU2014-142ASC.fna	99.9989	1526	1531
fna/TTU2014-130AME.fna	fna/TTU2014-134ASC.fna	99.9988	1518	1531
fna/TTU2014-130AME.fna	fna/TTU2014-143AME.fna	99.9977	1518	1531
fna/TTU2014-130AME.fna	fna/TTU2014-130ASC.fna	99.9968	1525	1531
fna/TTU2014-130AME.fna	fna/TTU2014-125ASC.fna	99.9968	1515	1531
fna/TTU2014-130AME.fna	fna/TTU2014-141AME.fna	99.9964	1521	1531
fna/TTU2014-130AME.fna	fna/TTU2014-131ASC.fna	99.9953	1513	1531
fna/TTU2014-130AME.fna	fna/TTU2014-134AME.fna	99.995	1526	1531
fna/TTU2014-130AME.fna	fna/TTU2014-143ASC.fna	99.9946	1517	1531
fna/TTU2014-130AME.fna	fna/TTU2014-140ASC.fna	99.9906	1505	1531
fna/TTU2014-130AME.fna	fna/TTU2014-113AME.fna	99.9672	1479	1531
fna/TTU2014-130AME.fna	fna/pamvotica.fna	97.9732	1428	1531
fna/TTU2014-130AME.fna	fna/TTU2014-115ASC.fna	97.6718	1417	1531
fna/TTU2014-130AME.fna	fna/TTU2014-115AME.fna	97.668	1417	1531
fna/TTU2014-130AME.fna	fna/TTU2014-108AME.fna	97.6668	1414	1531
fna/TTU2014-130AME.fna	fna/TTU2014-108ASC.fna	97.654	1419	1531
fna/TTU2014-130AME.fna	fna/ARB3.fna	96.6204	1358	1531
fna/TTU2014-130AME.fna	fna/AVNIH2.fna	96.4735	1326	1531
fna/TTU2014-130AME.fna	fna/ML09-123.fna	96.4504	1355	1531
fna/TTU2014-130AME.fna	fna/AER39.fna	96.4327	1338	1531
fna/TTU2014-130AME.fna	fna/LMG13067.fna	96.4304	1322	1531
fna/TTU2014-130AME.fna	fna/Hm21.fna	96.4255	1379	1531
fna/TTU2014-130AME.fna	fna/AER397.fna	96.4229	1343	1531
fna/TTU2014-130AME.fna	fna/CCM7244.fna	96.4227	1334	1531
fna/TTU2014-130AME.fna	fna/AMC35.fna	96.4159	1342	1531
fna/TTU2014-130AME.fna	fna/B565.fna	96.4039	1349	1531
fna/TTU2014-130AME.fna	fna/CCM4359.fna	96.4036	1329	1531
fna/TTU2014-130AME.fna	fna/A29.fna	96.4003	1331	1531
fna/TTU2014-130AME.fna	fna/CECT4257.fna	96.397	1333	1531
fna/TTU2014-130AME.fna	fna/X11.fna	96.3891	1254	1531
fna/TTU2014-130AME.fna	fna/CECT4486.fna	96.3729	1332	1531
fna/TTU2014-130AME.fna	fna/TH0426.fna	96.3572	1370	1531
fna/TTU2014-130AME.fna	fna/CB51.fna	96.3558	1347	1531
fna/TTU2014-130AME.fna	fna/X12.fna	96.3395	1361	1531
fna/TTU2014-130AME.fna	fna/Ae52.fna	96.3303	1320	1531
fna/TTU2014-130AME.fna	fna/AVNIH1.fna	96.2328	1339	1531
fna/TTU2014-130AME.fna	fna/RU31B.fna	96.2287	1335	1531
fna/TTU2014-130AME.fna	fna/CIP107763.fna	96.217	1321	1531
fna/TTU2014-130AME.fna	fna/VBF557.fna	96.193	1209	1531
fna/TTU2014-130ASC.fna	fna/TTU2014-130ASC.fna	100	1535	1538
fna/TTU2014-130ASC.fna	fna/TTU2014-142ASC.fna	99.999	1533	1538
fna/TTU2014-130ASC.fna	fna/TTU2014-141ASC.fna	99.9989	1531	1538
fna/TTU2014-130ASC.fna	fna/TTU2014-143ASC.fna	99.9988	1522	1538
fna/TTU2014-130ASC.fna	fna/TTU2014-141AME.fna	99.9986	1528	1538
fna/TTU2014-130ASC.fna	fna/TTU2014-134AME.fna	99.9975	1530	1538
fna/TTU2014-130ASC.fna	fna/TTU2014-143AME.fna	99.9974	1522	1538
fna/TTU2014-130ASC.fna	fna/TTU2014-130AME.fna	99.997	1519	1538
fna/TTU2014-130ASC.fna	fna/TTU2014-134ASC.fna	99.9966	1523	1538
fna/TTU2014-130ASC.fna	fna/TTU2014-125ASC.fna	99.995	1522	1538
fna/TTU2014-130ASC.fna	fna/TTU2014-131ASC.fna	99.9947	1512	1538
fna/TTU2014-130ASC.fna	fna/TTU2014-140ASC.fna	99.9823	1506	1538
fna/TTU2014-130ASC.fna	fna/TTU2014-113AME.fna	99.9654	1477	1538
fna/TTU2014-130ASC.fna	fna/pamvotica.fna	97.98	1433	1538
fna/TTU2014-130ASC.fna	fna/TTU2014-115AME.fna	97.6562	1421	1538
fna/TTU2014-130ASC.fna	fna/TTU2014-115ASC.fna	97.6447	1425	1538
fna/TTU2014-130ASC.fna	fna/TTU2014-108AME.fna	97.6407	1418	1538
fna/TTU2014-130ASC.fna	fna/TTU2014-108ASC.fna	97.6323	1426	1538
fna/TTU2014-130ASC.fna	fna/ARB3.fna	96.6225	1361	1538
fna/TTU2014-130ASC.fna	fna/AVNIH2.fna	96.5011	1323	1538
fna/TTU2014-130ASC.fna	fna/LMG13067.fna	96.45	1323	1538
fna/TTU2014-130ASC.fna	fna/A29.fna	96.4439	1334	1538
fna/TTU2014-130ASC.fna	fna/Hm21.fna	96.435	1380	1538
fna/TTU2014-130ASC.fna	fna/B565.fna	96.4238	1351	1538
fna/TTU2014-130ASC.fna	fna/AMC35.fna	96.4233	1347	1538
fna/TTU2014-130ASC.fna	fna/AER39.fna	96.4103	1349	1538
fna/TTU2014-130ASC.fna	fna/CCM7244.fna	96.406	1344	1538
fna/TTU2014-130ASC.fna	fna/AER397.fna	96.4029	1352	1538
fna/TTU2014-130ASC.fna	fna/CCM4359.fna	96.3992	1338	1538
fna/TTU2014-130ASC.fna	fna/TH0426.fna	96.3957	1370	1538
fna/TTU2014-130ASC.fna	fna/ML09-123.fna	96.3931	1364	1538
fna/TTU2014-130ASC.fna	fna/X11.fna	96.3831	1251	1538
fna/TTU2014-130ASC.fna	fna/CECT4257.fna	96.3712	1338	1538
fna/TTU2014-130ASC.fna	fna/CECT4486.fna	96.3699	1340	1538
fna/TTU2014-130ASC.fna	fna/CB51.fna	96.3679	1347	1538
fna/TTU2014-130ASC.fna	fna/X12.fna	96.3296	1365	1538
fna/TTU2014-130ASC.fna	fna/Ae52.fna	96.3195	1326	1538
fna/TTU2014-130ASC.fna	fna/RU31B.fna	96.2479	1336	1538
fna/TTU2014-130ASC.fna	fna/AVNIH1.fna	96.223	1338	1538
fna/TTU2014-130ASC.fna	fna/CIP107763.fna	96.1945	1328	1538
fna/TTU2014-130ASC.fna	fna/VBF557.fna	96.1546	1220	1538
fna/TTU2014-131ASC.fna	fna/TTU2014-131ASC.fna	100	1522	1525
fna/TTU2014-131ASC.fna	fna/TTU2014-142ASC.fna	99.9993	1522	1525
fna/TTU2014-131ASC.fna	fna/TTU2014-134ASC.fna	99.9992	1515	1525
fna/TTU2014-131ASC.fna	fna/TTU2014-130AME.fna	99.9991	1515	1525
fna/TTU2014-131ASC.fna	fna/TTU2014-141ASC.fna	99.9991	1521	1525
fna/TTU2014-131ASC.fna	fna/TTU2014-143AME.fna	99.9985	1514	1525
fna/TTU2014-131ASC.fna	fna/TTU2014-125ASC.fna	99.9969	1515	1525
fna/TTU2014-131ASC.fna	fna/TTU2014-130ASC.fna	99.9966	1520	1525
fna/TTU2014-131ASC.fna	fna/TTU2014-141AME.fna	99.9966	1517	1525
fna/TTU2014-131ASC.fna	fna/TTU2014-143ASC.fna	99.9955	1513	1525
fna/TTU2014-131ASC.fna	fna/TTU2014-134AME.fna	99.9949	1522	1525
fna/TTU2014-131ASC.fna	fna/TTU2014-140ASC.fna	99.9944	1499	1525
fna/TTU2014-131ASC.fna	fna/TTU2014-113AME.fna	99.9795	1468	1525
fna/TTU2014-131ASC.fna	fna/pamvotica.fna	97.972	1425	1525
fna/TTU2014-131ASC.fna	fna/TTU2014-115AME.fna	97.6572	1414	1525
fna/TTU2014-131ASC.fna	fna/TTU2014-115ASC.fna	97.6445	1415	1525
fna/TTU2014-131ASC.fna	fna/TTU2014-108AME.fna	97.643	1413	1525
fna/TTU2014-131ASC.fna	fna/TTU2014-108ASC.fna	97.6306	1413	1525
fna/TTU2014-131ASC.fna	fna/ARB3.fna	96.6401	1351	1525
fna/TTU2014-131ASC.fna	fna/AVNIH2.fna	96.5197	1320	1525
fna/TTU2014-131ASC.fna	fna/Hm21.fna	96.4855	1366	1525
fna/TTU2014-131ASC.fna	fna/B565.fna	96.4628	1341	1525
fna/TTU2014-131ASC.fna	fna/ML09-123.fna	96.4477	1360	1525
fna/TTU2014-131ASC.fna	fna/A29.fna	96.4438	1325	1525
fna/TTU2014-131ASC.fna	fna/CCM4359.fna	96.4306	1320	1525
fna/TTU2014-131ASC.fna	fna/AER397.fna	96.4306	1336	1525
fna/TTU2014-131ASC.fna	fna/AMC35.fna	96.4268	1337	1525
fna/TTU2014-131ASC.fna	fna/CCM7244.fna	96.424	1336	1525
fna/TTU2014-131ASC.fna	fna/LMG13067.fna	96.423	1319	1525
fna/TTU2014-131ASC.fna	fna/AER39.fna	96.423	1331	1525
fna/TTU2014-131ASC.fna	fna/CECT4257.fna	96.421	1327	1525
fna/TTU2014-131ASC.fna	fna/CECT4486.fna	96.4162	1318	1525
fna/TTU2014-131ASC.fna	fna/X11.fna	96.4138	1245	1525
fna/TTU2014-131ASC.fna	fna/X12.fna	96.3953	1346	1525
fna/TTU2014-131ASC.fna	fna/TH0426.fna	96.3823	1369	1525
fna/TTU2014-131ASC.fna	fna/CB51.fna	96.3612	1339	1525
fna/TTU2014-131ASC.fna	fna/Ae52.fna	96.3375	1319	1525
fna/TTU2014-131ASC.fna	fna/AVNIH1.fna	96.2567	1331	1525
fna/TTU2014-131ASC.fna	fna/CIP107763.fna	96.24	1321	1525
fna/TTU2014-131ASC.fna	fna/VBF557.fna	96.234	1200	1525
fna/TTU2014-131ASC.fna	fna/RU31B.fna	96.2205	1334	1525
fna/TTU2014-134AME.fna	fna/TTU2014-134AME.fna	100	1534	1539
fna/TTU2014-134AME.fna	fna/TTU2014-142ASC.fna	99.9995	1535	1539
fna/TTU2014-134AME.fna	fna/TTU2014-130AME.fna	99.999	1517	1539
fna/TTU2014-134AME.fna	fna/TTU2014-141ASC.fna	99.998	1531	1539
fna/TTU2014-134AME.fna	fna/TTU2014-130ASC.fna	99.9979	1529	1539
fna/TTU2014-134AME.fna	fna/TTU2014-141AME.fna	99.9971	1527	1539
fna/TTU2014-134AME.fna	fna/TTU2014-143AME.fna	99.9971	1522	1539
fna/TTU2014-134AME.fna	fna/TTU2014-134ASC.fna	99.996	1525	1539
fna/TTU2014-134AME.fna	fna/TTU2014-143ASC.fna	99.9952	1524	1539
fna/TTU2014-134AME.fna	fna/TTU2014-125ASC.fna	99.9952	1522	1539
fna/TTU2014-134AME.fna	fna/TTU2014-131ASC.fna	99.99	1513	1539
fna/TTU2014-134AME.fna	fna/TTU2014-140ASC.fna	99.9876	1504	1539
fna/TTU2014-134AME.fna	fna/TTU2014-113AME.fna	99.9679	1479	1539
fna/TTU2014-134AME.fna	fna/pamvotica.fna	97.9727	1431	1539
fna/TTU2014-134AME.fna	fna/TTU2014-115AME.fna	97.663	1420	1539
fna/TTU2014-134AME.fna	fna/TTU2014-115ASC.fna	97.6411	1425	1539
fna/TTU2014-134AME.fna	fna/TTU2014-108ASC.fna	97.6303	1424	1539
fna/TTU2014-134AME.fna	fna/TTU2014-108AME.fna	97.6246	1422	1539
fna/TTU2014-134AME.fna	fna/ARB3.fna	96.6178	1369	1539
fna/TTU2014-134AME.fna	fna/AVNIH2.fna	96.4965	1330	1539
fna/TTU2014-134AME.fna	fna/ML09-123.fna	96.4475	1358	1539
fna/TTU2014-134AME.fna	fna/Hm21.fna	96.4445	1382	1539
fna/TTU2014-134AME.fna	fna/LMG13067.fna	96.4336	1321	1539
fna/TTU2014-134AME.fna	fna/AER397.fna	96.4292	1346	1539
fna/TTU2014-134AME.fna	fna/B565.fna	96.4281	1355	1539
fna/TTU2014-134AME.fna	fna/TH0426.fna	96.4259	1362	1539
fna/TTU2014-134AME.fna	fna/CCM4359.fna	96.4241	1336	1539
fna/TTU2014-134AME.fna	fna/A29.fna	96.4203	1332	1539
fna/TTU2014-134AME.fna	fna/CECT4257.fna	96.4201	1335	1539
fna/TTU2014-134AME.fna	fna/CCM7244.fna	96.4173	1342	1539
fna/TTU2014-134AME.fna	fna/AMC35.fna	96.413	1348	1539
fna/TTU2014-134AME.fna	fna/CECT4486.fna	96.4027	1329	1539
fna/TTU2014-134AME.fna	fna/AER39.fna	96.4	1346	1539
fna/TTU2014-134AME.fna	fna/X11.fna	96.339	1257	1539
fna/TTU2014-134AME.fna	fna/CB51.fna	96.3374	1352	1539
fna/TTU2014-134AME.fna	fna/Ae52.fna	96.3211	1328	1539
fna/TTU2014-134AME.fna	fna/X12.fna	96.2976	1374	1539
fna/TTU2014-134AME.fna	fna/AVNIH1.fna	96.2246	1342	1539
fna/TTU2014-134AME.fna	fna/RU31B.fna	96.2168	1329	1539
fna/TTU2014-134AME.fna	fna/CIP107763.fna	96.188	1331	1539
fna/TTU2014-134AME.fna	fna/VBF557.fna	96.167	1216	1539
fna/TTU2014-134ASC.fna	fna/TTU2014-134ASC.fna	100	1533	1534
fna/TTU2014-134ASC.fna	fna/TTU2014-142ASC.fna	99.9997	1531	1534
fna/TTU2014-134ASC.fna	fna/TTU2014-141ASC.fna	99.9993	1528	1534
fna/TTU2014-134ASC.fna	fna/TTU2014-143AME.fna	99.9989	1520	1534
fna/TTU2014-134ASC.fna	fna/TTU2014-130ASC.fna	99.9972	1527	1534
fna/TTU2014-134ASC.fna	fna/TTU2014-125ASC.fna	99.9965	1522	1534
fna/TTU2014-134ASC.fna	fna/TTU2014-134AME.fna	99.9953	1529	1534
fna/TTU2014-134ASC.fna	fna/TTU2014-131ASC.fna	99.9952	1515	1534
fna/TTU2014-134ASC.fna	fna/TTU2014-130AME.fna	99.9949	1518	1534
fna/TTU2014-134ASC.fna	fna/TTU2014-141AME.fna	99.9948	1524	1534
fna/TTU2014-134ASC.fna	fna/TTU2014-143ASC.fna	99.9933	1522	1534
fna/TTU2014-134ASC.fna	fna/TTU2014-140ASC.fna	99.988	1507	1534
fna/TTU2014-134ASC.fna	fna/TTU2014-113AME.fna	99.9639	1485	1534
fna/TTU2014-134ASC.fna	fna/pamvotica.fna	97.9488	1427	1534
fna/TTU2014-134ASC.fna	fna/TTU2014-115AME.fna	97.6233	1419	1534
fna/TTU2014-134ASC.fna	fna/TTU2014-108ASC.fna	97.6224	1418	1534
fna/TTU2014-134ASC.fna	fna/TTU2014-108AME.fna	97.6216	1417	1534
fna/TTU2014-134ASC.fna	fna/TTU2014-115ASC.fna	97.6206	1418	1534
fna/TTU2014-134ASC.fna	fna/ARB3.fna	96.5733	1365	1534
fna/TTU2014-134ASC.fna	fna/AVNIH2.fna	96.4673	1329	1534
fna/TTU2014-134ASC.fna	fna/CCM4359.fna	96.457	1322	1534
fna/TTU2014-134ASC.fna	fna/CECT4257.fna	96.4557	1332	1534
fna/TTU2014-134ASC.fna	fna/AMC35.fna	96.4502	1339	1534
fna/TTU2014-134ASC.fna	fna/Hm21.fna	96.4492	1377	1534
fna/TTU2014-134ASC.fna	fna/LMG13067.fna	96.4457	1321	1534
fna/TTU2014-134ASC.fna	fna/B565.fna	96.4435	1347	1534
fna/TTU2014-134ASC.fna	fna/AER39.fna	96.4415	1339	1534
fna/TTU2014-134ASC.fna	fna/ML09-123.fna	96.4195	1364	1534
fna/TTU2014-134ASC.fna	fna/A29.fna	96.4161	1340	1534
fna/TTU2014-134ASC.fna	fna/AER397.fna	96.4104	1345	1534
fna/TTU2014-134ASC.fna	fna/CCM7244.fna	96.4025	1342	1534
fna/TTU2014-134ASC.fna	fna/TH0426.fna	96.3898	1370	1534
fna/TTU2014-134ASC.fna	fna/X11.fna	96.3894	1252	1534
fna/TTU2014-134ASC.fna	fna/CECT4486.fna	96.3644	1328	1534
fna/TTU2014-134ASC.fna	fna/Ae52.fna	96.3418	1318	1534
fna/TTU2014-134ASC.fna	fna/X12.fna	96.3316	1359	1534
fna/TTU2014-134ASC.fna	fna/CB51.fna	96.3291	1349	1534
fna/TTU2014-134ASC.fna	fna/AVNIH1.fna	96.2383	1342	1534
fna/TTU2014-134ASC.fna	fna/RU31B.fna	96.2208	1330	1534
fna/TTU2014-134ASC.fna	fna/CIP107763.fna	96.1729	1335	1534
fna/TTU2014-134ASC.fna	fna/VBF557.fna	96.1691	1211	1534
fna/TTU2014-140ASC.fna	fna/TTU2014-140ASC.fna	100	1515	1520
fna/TTU2014-140ASC.fna	fna/TTU2014-130AME.fna	99.9986	1506	1520
fna/TTU2014-140ASC.fna	fna/TTU2014-141ASC.fna	99.9983	1513	1520
fna/TTU2014-140ASC.fna	fna/TTU2014-131ASC.fna	99.9977	1502	1520
fna/TTU2014-140ASC.fna	fna/TTU2014-142ASC.fna	99.9972	1514	1520
fna/TTU2014-140ASC.fna	fna/TTU2014-143AME.fna	99.9966	1509	1520
fna/TTU2014-140ASC.fna	fna/TTU2014-134ASC.fna	99.9964	1510	1520
fna/TTU2014-140ASC.fna	fna/TTU2014-130ASC.fna	99.9956	1515	1520
fna/TTU2014-140ASC.fna	fna/TTU2014-134AME.fna	99.9948	1514	1520
fna/TTU2014-140ASC.fna	fna/TTU2014-141AME.fna	99.9946	1513	1520
fna/TTU2014-140ASC.fna	fna/TTU2014-143ASC.fna	99.9924	1510	1520
fna/TTU2014-140ASC.fna	fna/TTU2014-125ASC.fna	99.9893	1508	1520
fna/TTU2014-140ASC.fna	fna/TTU2014-113AME.fna	99.9738	1468	1520
fna/TTU2014-140ASC.fna	fna/pamvotica.fna	97.9569	1420	1520
fna/TTU2014-140ASC.fna	fna/TTU2014-108AME.fna	97.6708	1408	1520
fna/TTU2014-140ASC.fna	fna/TTU2014-108ASC.fna	97.6604	1413	1520
fna/TTU2014-140ASC.fna	fna/TTU2014-115AME.fna	97.6435	1413	1520
fna/TTU2014-140ASC.fna	fna/TTU2014-115ASC.fna	97.642	1414	1520
fna/TTU2014-140ASC.fna	fna/ARB3.fna	96.6053	1360	1520
fna/TTU2014-140ASC.fna	fna/AVNIH2.fna	96.4923	1326	1520
fna/TTU2014-140ASC.fna	fna/Hm21.fna	96.4684	1368	1520
fna/TTU2014-140ASC.fna	fna/AER397.fna	96.4623	1336	1520
fna/TTU2014-140ASC.fna	fna/B565.fna	96.4551	1342	1520
fna/TTU2014-140ASC.fna	fna/ML09-123.fna	96.4539	1351	1520
fna/TTU2014-140ASC.fna	fna/AMC35.fna	96.4443	1337	1520
fna/TTU2014-140ASC.fna	fna/X11.fna	96.4442	1237	1520
fna/TTU2014-140ASC.fna	fna/CECT4257.fna	96.4439	1325	1520
fna/TTU2014-140ASC.fna	fna/CCM7244.fna	96.4334	1334	1520
fna/TTU2014-140ASC.fna	fna/A29.fna	96.4329	1337	1520
fna/TTU2014-140ASC.fna	fna/LMG13067.fna	96.4326	1316	1520
fna/TTU2014-140ASC.fna	fna/CCM4359.fna	96.4231	1325	1520
fna/TTU2014-140ASC.fna	fna/AER39.fna	96.419	1335	1520
fna/TTU2014-140ASC.fna	fna/CECT4486.fna	96.3976	1318	1520
fna/TTU2014-140ASC.fna	fna/CB51.fna	96.3795	1335	1520
fna/TTU2014-140ASC.fna	fna/X12.fna	96.3723	1349	1520
fna/TTU2014-140ASC.fna	fna/TH0426.fna	96.3576	1370	1520
fna/TTU2014-140ASC.fna	fna/Ae52.fna	96.3437	1320	1520
fna/TTU2014-140ASC.fna	fna/AVNIH1.fna	96.2783	1322	1520
fna/TTU2014-140ASC.fna	fna/CIP107763.fna	96.2549	1322	1520
fna/TTU2014-140ASC.fna	fna/VBF557.fna	96.237	1203	1520
fna/TTU2014-140ASC.fna	fna/RU31B.fna	96.2237	1332	1520
fna/TTU2014-141AME.fna	fna/TTU2014-141AME.fna	100	1535	1538
fna/TTU2014-141AME.fna	fna/TTU2014-141ASC.fna	99.9993	1534	1538
fna/TTU2014-141AME.fna	fna/TTU2014-142ASC.fna	99.998	1534	1538
fna/TTU2014-141AME.fna	fna/TTU2014-125ASC.fna	99.9978	1524	1538
fna/TTU2014-141AME.fna	fna/TTU2014-143AME.fna	99.9973	1523	1538
fna/TTU2014-141AME.fna	fna/TTU2014-143ASC.fna	99.9968	1527	1538
fna/TTU2014-141AME.fna	fna/TTU2014-130AME.fna	99.9959	1520	1538
fna/TTU2014-141AME.fna	fna/TTU2014-134ASC.fna	99.9944	1526	1538
fna/TTU2014-141AME.fna	fna/TTU2014-134AME.fna	99.9942	1532	1538
fna/TTU2014-141AME.fna	fna/TTU2014-130ASC.fna	99.9939	1534	1538
fna/TTU2014-141AME.fna	fna/TTU2014-131ASC.fna	99.9933	1514	1538
fna/TTU2014-141AME.fna	fna/TTU2014-140ASC.fna	99.9854	1510	1538
fna/TTU2014-141AME.fna	fna/TTU2014-113AME.fna	99.9718	1478	1538
fna/TTU2014-141AME.fna	fna/pamvotica.fna	97.9676	1432	1538
fna/TTU2014-141AME.fna	fna/TTU2014-108ASC.fna	97.6344	1424	1538
fna/TTU2014-141AME.fna	fna/TTU2014-115ASC.fna	97.6329	1425	1538
fna/TTU2014-141AME.fna	fna/TTU2014-115AME.fna	97.6284	1423	1538
fna/TTU2014-141AME.fna	fna/TTU2014-108AME.fna	97.6262	1422	1538
fna/TTU2014-141AME.fna	fna/ARB3.fna	96.5791	1361	1538
fna/TTU2014-141AME.fna	fna/AVNIH2.fna	96.4884	1326	1538
fna/TTU2014-141AME.fna	fna/AMC35.fna	96.4565	1339	1538
fna/TTU2014-141AME.fna	fna/CECT4257.fna	96.4409	1335	1538
fna/TTU2014-141AME.fna	fna/CCM4359.fna	96.4355	1332	1538
fna/TTU2014-141AME.fna	fna/B565.fna	96.427	1356	1538
fna/TTU2014-141AME.fna	fna/ML09-123.fna	96.4216	1359	1538
fna/TTU2014-141AME.fna	fna/AER397.fna	96.4169	1349	1538
fna/TTU2014-141AME.fna	fna/LMG13067.fna	96.415	1316	1538
fna/TTU2014-141AME.fna	fna/Hm21.fna	96.4089	1379	1538
fna/TTU2014-141AME.fna	fna/CCM7244.fna	96.406	1341	1538
fna/TTU2014-141AME.fna	fna/A29.fna	96.4056	1341	1538
fna/TTU2014-141AME.fna	fna/AER39.fna	96.4026	1346	1538
fna/TTU2014-141AME.fna	fna/TH0426.fna	96.3953	1368	1538
fna/TTU2014-141AME.fna	fna/X11.fna	96.3888	1253	1538
fna/TTU2014-141AME.fna	fna/CECT4486.fna	96.3789	1329	1538
fna/TTU2014-141AME.fna	fna/CB51.fna	96.3601	1343	1538
fna/TTU2014-141AME.fna	fna/X12.fna	96.3446	1363	1538
fna/TTU2014-141AME.fna	fna/Ae52.fna	96.2794	1328	1538
fna/TTU2014-141AME.fna	fna/AVNIH1.fna	96.2677	1335	1538
fna/TTU2014-141AME.fna	fna/RU31B.fna	96.2405	1330	1538
fna/TTU2014-141AME.fna	fna/VBF557.fna	96.1949	1208	1538
fna/TTU2014-141AME.fna	fna/CIP107763.fna	96.1913	1330	1538
fna/TTU2014-141ASC.fna	fna/TTU2014-141ASC.fna	100	1539	1541
fna/TTU2014-141ASC.fna	fna/TTU2014-141AME.fna	99.9972	1531	1541
fna/TTU2014-141ASC.fna	fna/TTU2014-142ASC.fna	99.9971	1537	1541
fna/TTU2014-141ASC.fna	fna/TTU2014-143AME.fna	99.9963	1526	1541
fna/TTU2014-141ASC.fna	fna/TTU2014-134ASC.fna	99.9962	1527	1541
fna/TTU2014-141ASC.fna	fna/TTU2014-125ASC.fna	99.9948	1527	1541
fna/TTU2014-141ASC.fna	fna/TTU2014-130ASC.fna	99.9939	1534	1541
fna/TTU2014-141ASC.fna	fna/TTU2014-130AME.fna	99.9928	1522	1541
fna/TTU2014-141ASC.fna	fna/TTU2014-131ASC.fna	99.9926	1517	1541
fna/TTU2014-141ASC.fna	fna/TTU2014-134AME.fna	99.9912	1535	1541
fna/TTU2014-141ASC.fna	fna/TTU2014-143ASC.fna	99.9905	1525	1541
fna/TTU2014-141ASC.fna	fna/TTU2014-140ASC.fna	99.9814	1508	1541
fna/TTU2014-141ASC.fna	fna/TTU2014-113AME.fna	99.9669	1485	1541
fna/TTU2014-141ASC.fna	fna/pamvotica.fna	97.9837	1434	1541
fna/TTU2014-141ASC.fna	fna/TTU2014-108ASC.fna	97.6301	1424	1541
fna/TTU2014-141ASC.fna	fna/TTU2014-115AME.fna	97.6299	1426	1541
fna/TTU2014-141ASC.fna	fna/TTU2014-115ASC.fna	97.6296	1425	1541
fna/TTU2014-141ASC.fna	fna/TTU2014-108AME.fna	97.6271	1422	1541
fna/TTU2014-141ASC.fna	fna/ARB3.fna	96.5819	1366	1541
fna/TTU2014-141ASC.fna	fna/AVNIH2.fna	96.4901	1324	1541
fna/TTU2014-141ASC.fna	fna/AMC35.fna	96.4431	1345	1541
fna/TTU2014-141ASC.fna	fna/AER397.fna	96.4403	1346	1541
fna/TTU2014-141ASC.fna	fna/CECT4257.fna	96.4398	1333	1541
fna/TTU2014-141ASC.fna	fna/CCM4359.fna	96.4384	1331	1541
fna/TTU2014-141ASC.fna	fna/CCM7244.fna	96.4352	1342	1541
fna/TTU2014-141ASC.fna	fna/LMG13067.fna	96.4332	1324	1541
fna/TTU2014-141ASC.fna	fna/ML09-123.fna	96.4244	1364	1541
fna/TTU2014-141ASC.fna	fna/B565.fna	96.4238	1357	1541
fna/TTU2014-141ASC.fna	fna/Hm21.fna	96.4207	1383	1541
fna/TTU2014-141ASC.fna	fna/AER39.fna	96.4142	1340	1541
fna/TTU2014-141ASC.fna	fna/A29.fna	96.4048	1332	1541
fna/TTU2014-141ASC.fna	fna/CECT4486.fna	96.3949	1327	1541
fna/TTU2014-141ASC.fna	fna/TH0426.fna	96.3817	1373	1541
fna/TTU2014-141ASC.fna	fna/X11.fna	96.3694	1257	1541
fna/TTU2014-141ASC.fna	fna/CB51.fna	96.3474	1352	1541
fna/TTU2014-141ASC.fna	fna/X12.fna	96.3309	1370	1541
fna/TTU2014-141ASC.fna	fna/Ae52.fna	96.3023	1325	1541
fna/TTU2014-141ASC.fna	fna/AVNIH1.fna	96.2495	1340	1541
fna/TTU2014-141ASC.fna	fna/RU31B.fna	96.2369	1339	1541
fna/TTU2014-141ASC.fna	fna/CIP107763.fna	96.2039	1322	1541
fna/TTU2014-141ASC.fna	fna/VBF557.fna	96.1574	1216	1541
fna/TTU2014-142ASC.fna	fna/TTU2014-142ASC.fna	100	1540	1542
fna/TTU2014-142ASC.fna	fna/TTU2014-141ASC.fna	99.9994	1534	1542
fna/TTU2014-142ASC.fna	fna/TTU2014-141AME.fna	99.9974	1531	1542
fna/TTU2014-142ASC.fna	fna/TTU2014-134AME.fna	99.9965	1533	1542
fna/TTU2014-142ASC.fna	fna/TTU2014-143AME.fna	99.9964	1525	1542
fna/TTU2014-142ASC.fna	fna/TTU2014-134ASC.fna	99.9962	1528	1542
fna/TTU2014-142ASC.fna	fna/TTU2014-130ASC.fna	99.996	1534	1542
fna/TTU2014-142ASC.fna	fna/TTU2014-143ASC.fna	99.9935	1526	1542
fna/TTU2014-142ASC.fna	fna/TTU2014-125ASC.fna	99.9935	1528	1542
fna/TTU2014-142ASC.fna	fna/TTU2014-131ASC.fna	99.9909	1517	1542
fna/TTU2014-142ASC.fna	fna/TTU2014-130AME.fna	99.9907	1520	1542
fna/TTU2014-142ASC.fna	fna/TTU2014-140ASC.fna	99.9817	1507	1542
fna/TTU2014-142ASC.fna	fna/TTU2014-113AME.fna	99.9678	1485	1542
fna/TTU2014-142ASC.fna	fna/pamvotica.fna	97.9802	1433	1542
fna/TTU2014-142ASC.fna	fna/TTU2014-115ASC.fna	97.645	1423	1542
fna/TTU2014-142ASC.fna	fna/TTU2014-108ASC.fna	97.6417	1421	1542
fna/TTU2014-142ASC.fna	fna/TTU2014-115AME.fna	97.6406	1427	1542
fna/TTU2014-142ASC.fna	fna/TTU2014-108AME.fna	97.6404	1422	1542
fna/TTU2014-142ASC.fna	fna/ARB3.fna	96.5742	1367	1542
fna/TTU2014-142ASC.fna	fna/AVNIH2.fna	96.4996	1328	1542
fna/TTU2014-142ASC.fna	fna/CCM4359.fna	96.4582	1327	1542
fna/TTU2014-142ASC.fna	fna/CECT4257.fna	96.4446	1341	1542
fna/TTU2014-142ASC.fna	fna/ML09-123.fna	96.4363	1363	1542
fna/TTU2014-142ASC.fna	fna/Hm21.fna	96.435	1381	1542
fna/TTU2014-142ASC.fna	fna/B565.fna	96.4303	1359	1542
fna/TTU2014-142ASC.fna	fna/LMG13067.fna	96.4277	1325	1542
fna/TTU2014-142ASC.fna	fna/AMC35.fna	96.4263	1346	1542
fna/TTU2014-142ASC.fna	fna/TH0426.fna	96.42	1367	1542
fna/TTU2014-142ASC.fna	fna/AER397.fna	96.4143	1351	1542
fna/TTU2014-142ASC.fna	fna/AER39.fna	96.4053	1346	1542
fna/TTU2014-142ASC.fna	fna/A29.fna	96.3998	1340	1542
fna/TTU2014-142ASC.fna	fna/CCM7244.fna	96.3952	1341	1542
fna/TTU2014-142ASC.fna	fna/X11.fna	96.3637	1260	1542
fna/TTU2014-142ASC.fna	fna/CECT4486.fna	96.3626	1330	1542
fna/TTU2014-142ASC.fna	fna/CB51.fna	96.3597	1346	1542
fna/TTU2014-142ASC.fna	fna/X12.fna	96.3196	1370	1542
fna/TTU2014-142ASC.fna	fna/Ae52.fna	96.314	1326	1542
fna/TTU2014-142ASC.fna	fna/AVNIH1.fna	96.2586	1345	1542
fna/TTU2014-142ASC.fna	fna/RU31B.fna	96.2283	1339	1542
fna/TTU2014-142ASC.fna	fna/CIP107763.fna	96.1875	1328	1542
fna/TTU2014-142ASC.fna	fna/VBF557.fna	96.1742	1213	1542
fna/TTU2014-143AME.fna	fna/TTU2014-143AME.fna	100	1532	1535
fna/TTU2014-143AME.fna	fna/TTU2014-141ASC.fna	99.9994	1528	1535
fna/TTU2014-143AME.fna	fna/TTU2014-142ASC.fna	99.9991	1531	1535
fna/TTU2014-143AME.fna	fna/TTU2014-131ASC.fna	99.9974	1513	1535
fna/TTU2014-143AME.fna	fna/TTU2014-134ASC.fna	99.9972	1523	1535
fna/TTU2014-143AME.fna	fna/TTU2014-143ASC.fna	99.9971	1519	1535
fna/TTU2014-143AME.fna	fna/TTU2014-141AME.fna	99.997	1526	1535
fna/TTU2014-143AME.fna	fna/TTU2014-134AME.fna	99.9957	1529	1535
fna/TTU2014-143AME.fna	fna/TTU2014-130AME.fna	99.9952	1521	1535
fna/TTU2014-143AME.fna	fna/TTU2014-130ASC.fna	99.9936	1528	1535
fna/TTU2014-143AME.fna	fna/TTU2014-125ASC.fna	99.9913	1521	1535
fna/TTU2014-143AME.fna	fna/TTU2014-140ASC.fna	99.9867	1505	1535
fna/TTU2014-143AME.fna	fna/TTU2014-113AME.fna	99.9707	1482	1535
fna/TTU2014-143AME.fna	fna/pamvotica.fna	97.9598	1430	1535
fna/TTU2014-143AME.fna	fna/TTU2014-115ASC.fna	97.6408	1419	1535
fna/TTU2014-143AME.fna	fna/TTU2014-108AME.fna	97.638	1416	1535
fna/TTU2014-143AME.fna	fna/TTU2014-108ASC.fna	97.632	1420	1535
fna/TTU2014-143AME.fna	fna/TTU2014-115AME.fna	97.6273	1419	1535
fna/TTU2014-143AME.fna	fna/ARB3.fna	96.601	1364	1535
fna/TTU2014-143AME.fna	fna/AVNIH2.fna	96.5081	1321	1535
fna/TTU2014-143AME.fna	fna/LMG13067.fna	96.464	1318	1535
fna/TTU2014-143AME.fna	fna/Hm21.fna	96.4623	1372	1535
fna/TTU2014-143AME.fna	fna/B565.fna	96.4528	1346	1535
fna/TTU2014-143AME.fna	fna/ML09-123.fna	96.4423	1360	1535
fna/TTU2014-143AME.fna	fna/AER397.fna	96.4344	1343	1535
fna/TTU2014-143AME.fna	fna/CCM4359.fna	96.4267	1326	1535
fna/TTU2014-143AME.fna	fna/AMC35.fna	96.4249	1343	1535
fna/TTU2014-143AME.fna	fna/X11.fna	96.4196	1251	1535
fna/TTU2014-143AME.fna	fna/CECT4257.fna	96.4163	1334	1535
fna/TTU2014-143AME.fna	fna/TH0426.fna	96.4142	1367	1535
fna/TTU2014-143AME.fna	fna/A29.fna	96.404	1336	1535
fna/TTU2014-143AME.fna	fna/CCM7244.fna	96.3985	1342	1535
fna/TTU2014-143AME.fna	fna/AER39.fna	96.3978	1353	1535
fna/TTU2014-143AME.fna	fna/CECT4486.fna	96.3861	1330	1535
fna/TTU2014-143AME.fna	fna/CB51.fna	96.3771	1343	1535
fna/TTU2014-143AME.fna	fna/X12.fna	96.3566	1356	1535
fna/TTU2014-143AME.fna	fna/Ae52.fna	96.2802	1328	1535
fna/TTU2014-143AME.fna	fna/AVNIH1.fna	96.2571	1336	1535
fna/TTU2014-143AME.fna	fna/CIP107763.fna	96.2443	1318	1535
fna/TTU2014-143AME.fna	fna/RU31B.fna	96.2375	1334	1535
fna/TTU2014-143AME.fna	fna/VBF557.fna	96.1757	1208	1535
fna/TTU2014-143ASC.fna	fna/TTU2014-143ASC.fna	100	1531	1534
fna/TTU2014-143ASC.fna	fna/TTU2014-141ASC.fna	99.9987	1526	1534
fna/TTU2014-143ASC.fna	fna/TTU2014-142ASC.fna	99.9975	1528	1534
fna/TTU2014-143ASC.fna	fna/TTU2014-141AME.fna	99.9973	1525	1534
fna/TTU2014-143ASC.fna	fna/TTU2014-125ASC.fna	99.9971	1519	1534
fna/TTU2014-143ASC.fna	fna/TTU2014-134AME.fna	99.997	1524	1534
fna/TTU2014-143ASC.fna	fna/TTU2014-130ASC.fna	99.997	1526	1534
fna/TTU2014-143ASC.fna	fna/TTU2014-143AME.fna	99.9963	1517	1534
fna/TTU2014-143ASC.fna	fna/TTU2014-134ASC.fna	99.9957	1524	1534
fna/TTU2014-143ASC.fna	fna/TTU2014-130AME.fna	99.9956	1515	1534
fna/TTU2014-143ASC.fna	fna/TTU2014-131ASC.fna	99.9945	1513	1534
fna/TTU2014-143ASC.fna	fna/TTU2014-140ASC.fna	99.9794	1508	1534
fna/TTU2014-143ASC.fna	fna/TTU2014-113AME.fna	99.9674	1479	1534
fna/TTU2014-143ASC.fna	fna/pamvotica.fna	97.9837	1424	1534
fna/TTU2014-143ASC.fna	fna/TTU2014-115AME.fna	97.6178	1424	1534
fna/TTU2014-143ASC.fna	fna/TTU2014-108ASC.fna	97.6094	1423	1534
fna/TTU2014-143ASC.fna	fna/TTU2014-115ASC.fna	97.6087	1425	1534
fna/TTU2014-143ASC.fna	fna/TTU2014-108AME.fna	97.6076	1421	1534
fna/TTU2014-143ASC.fna	fna/ARB3.fna	96.5378	1367	1534
fna/TTU2014-143ASC.fna	fna/Hm21.fna	96.4856	1379	1534
fna/TTU2014-143ASC.fna	fna/AVNIH2.fna	96.4717	1329	1534
fna/TTU2014-143ASC.fna	fna/B565.fna	96.4576	1350	1534
fna/TTU2014-143ASC.fna	fna/CCM4359.fna	96.4478	1328	1534
fna/TTU2014-143ASC.fna	fna/AMC35.fna	96.4407	1343	1534
fna/TTU2014-143ASC.fna	fna/CECT4257.fna	96.4374	1335	1534
fna/TTU2014-143ASC.fna	fna/AER39.fna	96.4314	1342	1534
fna/TTU2014-143ASC.fna	fna/ML09-123.fna	96.4292	1354	1534
fna/TTU2014-143ASC.fna	fna/CCM7244.fna	96.4223	1338	1534
fna/TTU2014-143ASC.fna	fna/A29.fna	96.4086	1342	1534
fna/TTU2014-143ASC.fna	fna/CECT4486.fna	96.3994	1327	1534
fna/TTU2014-143ASC.fna	fna/X11.fna	96.3981	1246	1534
fna/TTU2014-143ASC.fna	fna/LMG13067.fna	96.3977	1323	1534
fna/TTU2014-143ASC.fna	fna/TH0426.fna	96.394	1367	1534
fna/TTU2014-143ASC.fna	fna/AER397.fna	96.3927	1350	1534
fna/TTU2014-143ASC.fna	fna/X12.fna	96.3811	1355	1534
fna/TTU2014-143ASC.fna	fna/CB51.fna	96.3586	1336	1534
fna/TTU2014-143ASC.fna	fna/Ae52.fna	96.3334	1322	1534
fna/TTU2014-143ASC.fna	fna/AVNIH1.fna	96.279	1335	1534
fna/TTU2014-143ASC.fna	fna/RU31B.fna	96.2643	1325	1534
fna/TTU2014-143ASC.fna	fna/VBF557.fna	96.1968	1212	1534
fna/TTU2014-143ASC.fna	fna/CIP107763.fna	96.1751	1334	1534
fna/VBF557.fna	fna/VBF557.fna	100	1353	1365
fna/VBF557.fna	fna/TTU2014-108ASC.fna	96.4026	1244	1365
fna/VBF557.fna	fna/ARB3.fna	96.4004	1214	1365
fna/VBF557.fna	fna/TTU2014-115ASC.fna	96.3937	1249	1365
fna/VBF557.fna	fna/TTU2014-142ASC.fna	96.3932	1234	1365
fna/VBF557.fna	fna/TTU2014-131ASC.fna	96.3914	1225	1365
fna/VBF557.fna	fna/TTU2014-115AME.fna	96.3829	1251	1365
fna/VBF557.fna	fna/TTU2014-130AME.fna	96.3814	1233	1365
fna/VBF557.fna	fna/TTU2014-141AME.fna	96.3774	1236	1365
fna/VBF557.fna	fna/TTU2014-130ASC.fna	96.3756	1238	1365
fna/VBF557.fna	fna/TTU2014-108AME.fna	96.3755	1244	1365
fna/VBF557.fna	fna/TTU2014-140ASC.fna	96.3739	1228	1365
fna/VBF557.fna	fna/TTU2014-134ASC.fna	96.3739	1230	1365
fna/VBF557.fna	fna/TTU2014-141ASC.fna	96.3724	1235	1365
fna/VBF557.fna	fna/TTU2014-113AME.fna	96.3724	1208	1365
fna/VBF557.fna	fna/TTU2014-134AME.fna	96.3605	1240	1365
fna/VBF557.fna	fna/TTU2014-143ASC.fna	96.3543	1230	1365
fna/VBF557.fna	fna/TTU2014-125ASC.fna	96.3488	1236	1365
fna/VBF557.fna	fna/TTU2014-143AME.fna	96.3455	1237	1365
fna/VBF557.fna	fna/CCM7244.fna	96.3419	1204	1365
fna/VBF557.fna	fna/A29.fna	96.3274	1189	1365
fna/VBF557.fna	fna/CECT4486.fna	96.311	1192	1365
fna/VBF557.fna	fna/pamvotica.fna	96.3097	1245	1365
fna/VBF557.fna	fna/AVNIH2.fna	96.3088	1178	1365
fna/VBF557.fna	fna/AER397.fna	96.3027	1183	1365
fna/VBF557.fna	fna/X11.fna	96.2775	1108	1365
fna/VBF557.fna	fna/AMC35.fna	96.2678	1192	1365
fna/VBF557.fna	fna/Hm21.fna	96.2604	1219	1365
fna/VBF557.fna	fna/X12.fna	96.2452	1224	1365
fna/VBF557.fna	fna/LMG13067.fna	96.2432	1193	1365
fna/VBF557.fna	fna/AER39.fna	96.2398	1198	1365
fna/VBF557.fna	fna/ML09-123.fna	96.2145	1208	1365
fna/VBF557.fna	fna/B565.fna	96.205	1196	1365
fna/VBF557.fna	fna/CIP107763.fna	96.1852	1178	1365
fna/VBF557.fna	fna/CECT4257.fna	96.1597	1181	1365
fna/VBF557.fna	fna/CB51.fna	96.1473	1205	1365
fna/VBF557.fna	fna/TH0426.fna	96.1466	1225	1365
fna/VBF557.fna	fna/Ae52.fna	96.1277	1180	1365
fna/VBF557.fna	fna/CCM4359.fna	96.1102	1193	1365
fna/VBF557.fna	fna/RU31B.fna	96.0736	1191	1365
fna/VBF557.fna	fna/AVNIH1.fna	96.0186	1190	1365
fna/X11.fna	fna/X11.fna	100	1427	1427
fna/X11.fna	fna/A29.fna	96.6435	1243	1427
fna/X11.fna	fna/AMC35.fna	96.6276	1264	1427
fna/X11.fna	fna/AVNIH2.fna	96.5983	1280	1427
fna/X11.fna	fna/AER397.fna	96.5726	1263	1427
fna/X11.fna	fna/CECT4257.fna	96.5693	1244	1427
fna/X11.fna	fna/CCM4359.fna	96.5577	1251	1427
fna/X11.fna	fna/AER39.fna	96.5304	1255	1427
fna/X11.fna	fna/B565.fna	96.5068	1279	1427
fna/X11.fna	fna/LMG13067.fna	96.4792	1289	1427
fna/X11.fna	fna/Hm21.fna	96.4554	1279	1427
fna/X11.fna	fna/TTU2014-131ASC.fna	96.4474	1229	1427
fna/X11.fna	fna/CECT4486.fna	96.443	1226	1427
fna/X11.fna	fna/ML09-123.fna	96.4374	1241	1427
fna/X11.fna	fna/TTU2014-140ASC.fna	96.4342	1236	1427
fna/X11.fna	fna/TTU2014-113AME.fna	96.4322	1224	1427
fna/X11.fna	fna/ARB3.fna	96.4313	1256	1427
fna/X11.fna	fna/TTU2014-134ASC.fna	96.4307	1241	1427
fna/X11.fna	fna/TTU2014-143AME.fna	96.4244	1246	1427
fna/X11.fna	fna/TTU2014-143ASC.fna	96.4212	1244	1427
fna/X11.fna	fna/TTU2014-142ASC.fna	96.4201	1248	1427
fna/X11.fna	fna/Ae52.fna	96.4168	1279	1427
fna/X11.fna	fna/CCM7244.fna	96.4144	1240	1427
fna/X11.fna	fna/TTU2014-141AME.fna	96.4074	1253	1427
fna/X11.fna	fna/TTU2014-130AME.fna	96.4049	1248	1427
fna/X11.fna	fna/pamvotica.fna	96.4033	1252	1427
fna/X11.fna	fna/TTU2014-130ASC.fna	96.4023	1251	1427
fna/X11.fna	fna/CB51.fna	96.3991	1272	1427
fna/X11.fna	fna/TTU2014-108AME.fna	96.3989	1247	1427
fna/X11.fna	fna/TTU2014-125ASC.fna	96.3974	1247	1427
fna/X11.fna	fna/TTU2014-134AME.fna	96.3947	1258	1427
fna/X11.fna	fna/TH0426.fna	96.39	1268	1427
fna/X11.fna	fna/TTU2014-141ASC.fna	96.3899	1250	1427
fna/X11.fna	fna/X12.fna	96.3896	1281	1427
fna/X11.fna	fna/TTU2014-115AME.fna	96.389	1255	1427
fna/X11.fna	fna/TTU2014-115ASC.fna	96.369	1253	1427
fna/X11.fna	fna/TTU2014-108ASC.fna	96.367	1243	1427
fna/X11.fna	fna/AVNIH1.fna	96.3477	1273	1427
fna/X11.fna	fna/CIP107763.fna	96.2449	1228	1427
fna/X11.fna	fna/RU31B.fna	96.2022	1229	1427
fna/X11.fna	fna/VBF557.fna	96.0931	1078	1427
fna/X12.fna	fna/X12.fna	100	1589	1591
fna/X12.fna	fna/AER39.fna	96.5475	1368	1591
fna/X12.fna	fna/A29.fna	96.4947	1359	1591
fna/X12.fna	fna/B565.fna	96.4416	1347	1591
fna/X12.fna	fna/AER397.fna	96.4339	1334	1591
fna/X12.fna	fna/TTU2014-140ASC.fna	96.4177	1349	1591
fna/X12.fna	fna/Hm21.fna	96.4166	1410	1591
fna/X12.fna	fna/TTU2014-125ASC.fna	96.3882	1355	1591
fna/X12.fna	fna/TTU2014-113AME.fna	96.3843	1335	1591
fna/X12.fna	fna/TTU2014-131ASC.fna	96.3843	1353	1591
fna/X12.fna	fna/TTU2014-134AME.fna	96.3763	1360	1591
fna/X12.fna	fna/TTU2014-130AME.fna	96.3737	1356	1591
fna/X12.fna	fna/TTU2014-142ASC.fna	96.3691	1366	1591
fna/X12.fna	fna/TTU2014-141ASC.fna	96.3653	1357	1591
fna/X12.fna	fna/CCM7244.fna	96.3648	1342	1591
fna/X12.fna	fna/TTU2014-143AME.fna	96.364	1365	1591
fna/X12.fna	fna/TTU2014-130ASC.fna	96.3638	1362	1591
fna/X12.fna	fna/TTU2014-134ASC.fna	96.363	1360	1591
fna/X12.fna	fna/LMG13067.fna	96.359	1324	1591
fna/X12.fna	fna/TTU2014-141AME.fna	96.3475	1364	1591
fna/X12.fna	fna/TTU2014-108ASC.fna	96.3434	1364	1591
fna/X12.fna	fna/AVNIH2.fna	96.3431	1331	1591
fna/X12.fna	fna/CECT4257.fna	96.3411	1314	1591
fna/X12.fna	fna/ARB3.fna	96.335	1368	1591
fna/X12.fna	fna/RU31B.fna	96.3341	1381	1591
fna/X12.fna	fna/ML09-123.fna	96.3321	1398	1591
fna/X12.fna	fna/TTU2014-143ASC.fna	96.3221	1362	1591
fna/X12.fna	fna/TTU2014-115AME.fna	96.3221	1371	1591
fna/X12.fna	fna/TH0426.fna	96.3194	1411	1591
fna/X12.fna	fna/CB51.fna	96.3125	1373	1591
fna/X12.fna	fna/AMC35.fna	96.309	1347	1591
fna/X12.fna	fna/X11.fna	96.3007	1286	1591
fna/X12.fna	fna/TTU2014-108AME.fna	96.2994	1369	1591
fna/X12.fna	fna/CCM4359.fna	96.2973	1333	1591
fna/X12.fna	fna/TTU2014-115ASC.fna	96.2889	1373	1591
fna/X12.fna	fna/CECT4486.fna	96.2733	1341	1591
fna/X12.fna	fna/CIP107763.fna	96.2423	1326	1591
fna/X12.fna	fna/pamvotica.fna	96.2029	1403	1591
fna/X12.fna	fna/Ae52.fna	96.1623	1327	1591
fna/X12.fna	fna/AVNIH1.fna	96.149	1362	1591
fna/X12.fna	fna/VBF557.fna	96.0148	1201	1591
fna/pamvotica.fna	fna/pamvotica.fna	100	1629	1630
fna/pamvotica.fna	fna/TTU2014-113AME.fna	97.9356	1392	1630
fna/pamvotica.fna	fna/TTU2014-143ASC.fna	97.9113	1422	1630
fna/pamvotica.fna	fna/TTU2014-130AME.fna	97.9067	1424	1630
fna/pamvotica.fna	fna/TTU2014-140ASC.fna	97.902	1414	1630
fna/pamvotica.fna	fna/TTU2014-134ASC.fna	97.9014	1426	1630
fna/pamvotica.fna	fna/TTU2014-125ASC.fna	97.8864	1431	1630
fna/pamvotica.fna	fna/TTU2014-142ASC.fna	97.8834	1439	1630
fna/pamvotica.fna	fna/TTU2014-143AME.fna	97.8808	1429	1630
fna/pamvotica.fna	fna/TTU2014-131ASC.fna	97.8803	1422	1630
fna/pamvotica.fna	fna/TTU2014-141AME.fna	97.8801	1437	1630
fna/pamvotica.fna	fna/TTU2014-141ASC.fna	97.8781	1438	1630
fna/pamvotica.fna	fna/TTU2014-134AME.fna	97.8773	1435	1630
fna/pamvotica.fna	fna/TTU2014-130ASC.fna	97.8613	1438	1630
fna/pamvotica.fna	fna/TTU2014-108AME.fna	97.6763	1419	1630
fna/pamvotica.fna	fna/TTU2014-108ASC.fna	97.6646	1421	1630
fna/pamvotica.fna	fna/TTU2014-115AME.fna	97.6642	1425	1630
fna/pamvotica.fna	fna/TTU2014-115ASC.fna	97.6609	1426	1630
fna/pamvotica.fna	fna/ARB3.fna	96.4991	1389	1630
fna/pamvotica.fna	fna/A29.fna	96.4387	1346	1630
fna/pamvotica.fna	fna/AVNIH2.fna	96.4233	1347	1630
fna/pamvotica.fna	fna/AER397.fna	96.382	1355	1630
fna/pamvotica.fna	fna/B565.fna	96.371	1365	1630
fna/pamvotica.fna	fna/Hm21.fna	96.3586	1410	1630
fna/pamvotica.fna	fna/LMG13067.fna	96.3545	1333	1630
fna/pamvotica.fna	fna/CCM7244.fna	96.3512	1359	1630
fna/pamvotica.fna	fna/CB51.fna	96.3417	1362	1630
fna/pamvotica.fna	fna/X11.fna	96.3349	1253	1630
fna/pamvotica.fna	fna/Ae52.fna	96.3344	1330	1630
fna/pamvotica.fna	fna/CECT4486.fna	96.3305	1349	1630
fna/pamvotica.fna	fna/ML09-123.fna	96.3274	1383	1630
fna/pamvotica.fna	fna/AER39.fna	96.3194	1369	1630
fna/pamvotica.fna	fna/CECT4257.fna	96.3138	1343	1630
fna/pamvotica.fna	fna/CCM4359.fna	96.2989	1349	1630
fna/pamvotica.fna	fna/TH0426.fna	96.2582	1400	1630
fna/pamvotica.fna	fna/AMC35.fna	96.2544	1382	1630
fna/pamvotica.fna	fna/CIP107763.fna	96.2156	1353	1630
fna/pamvotica.fna	fna/RU31B.fna	96.1404	1344	1630
fna/pamvotica.fna	fna/VBF557.fna	96.1158	1221	1630
fna/pamvotica.fna	fna/X12.fna	96.1083	1402	1630
fna/pamvotica.fna	fna/AVNIH1.fna	96.0998	1363	1630
